/*
SQLyog 企业版 - MySQL GUI v8.14 
MySQL - 5.5.28 : Database - jxc
*********************************************************************
*/

/*!40101 SET NAMES utf8 */;

/*!40101 SET SQL_MODE=''*/;

/*!40014 SET @OLD_UNIQUE_CHECKS=@@UNIQUE_CHECKS, UNIQUE_CHECKS=0 */;
/*!40014 SET @OLD_FOREIGN_KEY_CHECKS=@@FOREIGN_KEY_CHECKS, FOREIGN_KEY_CHECKS=0 */;
/*!40101 SET @OLD_SQL_MODE=@@SQL_MODE, SQL_MODE='NO_AUTO_VALUE_ON_ZERO' */;
/*!40111 SET @OLD_SQL_NOTES=@@SQL_NOTES, SQL_NOTES=0 */;
CREATE DATABASE /*!32312 IF NOT EXISTS*/`jxc` /*!40100 DEFAULT CHARACTER SET utf8 */;

USE `jxc`;

/*Table structure for table `t_customer` */

DROP TABLE IF EXISTS `t_customer`;

CREATE TABLE `t_customer` (
  `customer_id` int(11) NOT NULL AUTO_INCREMENT COMMENT '客户编号id，主键',
  `customer_name` varchar(100) DEFAULT NULL COMMENT '客户名称',
  `contacts` varchar(50) DEFAULT NULL COMMENT '联系人',
  `phone_number` varchar(50) DEFAULT NULL COMMENT '联系人电话',
  `address` varchar(200) DEFAULT NULL COMMENT '客户地址',
  `remarks` varchar(500) DEFAULT NULL COMMENT '备注',
  PRIMARY KEY (`customer_id`) USING BTREE
) ENGINE=InnoDB AUTO_INCREMENT=5 DEFAULT CHARSET=utf8 ROW_FORMAT=DYNAMIC;

/*Data for the table `t_customer` */

insert  into `t_customer`(`customer_id`,`customer_name`,`contacts`,`phone_number`,`address`,`remarks`) values (1,'家乐福（青石桥店）','王二麻子','13555555555','成都市锦江区大业路6号COSMO财富中心F3','家乐福超市稳定客户'),(3,'永辉超市（温江光华大道店）','李四','13888888888','成都市温江区永兴路51号中森·光华1号1-2层','永辉超市稳定客户'),(4,'北京华联空港购物中心','王五','028-89460961','成都市双流区锦华路二段166号北京华联空港购物中心B1','华联稳定客户');

/*Table structure for table `t_customer_return_list` */

DROP TABLE IF EXISTS `t_customer_return_list`;

CREATE TABLE `t_customer_return_list` (
  `customer_return_list_id` int(11) NOT NULL AUTO_INCREMENT COMMENT '客户退货单id，主键',
  `return_number` varchar(100) DEFAULT NULL COMMENT '退货单号',
  `return_date` varchar(20) DEFAULT NULL COMMENT '退货日期',
  `amount_paid` float NOT NULL COMMENT '实付金额',
  `amount_payable` float NOT NULL COMMENT '应付金额',
  `state` int(11) DEFAULT NULL COMMENT '状态，是否付款',
  `customer_id` int(11) DEFAULT NULL COMMENT '客户编号id，外键',
  `user_id` int(11) DEFAULT NULL COMMENT '操作员，用户id，外键',
  `remarks` varchar(1000) DEFAULT NULL COMMENT '备注',
  PRIMARY KEY (`customer_return_list_id`) USING BTREE,
  KEY `customer_id` (`customer_id`) USING BTREE,
  KEY `user_id` (`user_id`) USING BTREE,
  CONSTRAINT `t_customer_return_list_ibfk_1` FOREIGN KEY (`customer_id`) REFERENCES `t_customer` (`customer_id`),
  CONSTRAINT `t_customer_return_list_ibfk_2` FOREIGN KEY (`user_id`) REFERENCES `t_user` (`user_id`)
) ENGINE=InnoDB AUTO_INCREMENT=7 DEFAULT CHARSET=utf8 ROW_FORMAT=DYNAMIC;

/*Data for the table `t_customer_return_list` */

insert  into `t_customer_return_list`(`customer_return_list_id`,`return_number`,`return_date`,`amount_paid`,`amount_payable`,`state`,`customer_id`,`user_id`,`remarks`) values (1,'XT1550220103291','2019-02-15',42.5,42.5,1,1,1,''),(5,'XT1605773513845','2020-11-19',190,190,1,3,1,''),(6,'XT1606128431767','2020-11-23',114,114,2,1,1,'不要了');

/*Table structure for table `t_customer_return_list_goods` */

DROP TABLE IF EXISTS `t_customer_return_list_goods`;

CREATE TABLE `t_customer_return_list_goods` (
  `customer_return_list_goods_id` int(11) NOT NULL AUTO_INCREMENT COMMENT '客户退货单商品列表id，主键',
  `goods_id` int(11) DEFAULT NULL COMMENT '商品编号id，外键',
  `goods_code` varchar(50) DEFAULT NULL COMMENT '商品编码',
  `goods_name` varchar(50) DEFAULT NULL COMMENT '商品名称',
  `goods_model` varchar(50) DEFAULT NULL COMMENT '商品型号',
  `goods_num` int(11) DEFAULT NULL COMMENT '客户退货数量',
  `goods_unit` varchar(10) DEFAULT NULL COMMENT '商品单位',
  `price` float NOT NULL COMMENT '商品单价',
  `total` float NOT NULL COMMENT '总金额',
  `customer_return_list_id` int(11) DEFAULT NULL COMMENT '客户退货单id，外键',
  `goods_type_id` int(11) DEFAULT NULL COMMENT '商品类别id，外键',
  PRIMARY KEY (`customer_return_list_goods_id`) USING BTREE,
  KEY `FKtqt67mbn96lxn8hvtl4piblhi` (`customer_return_list_id`) USING BTREE,
  KEY `FK32ijokbrx3j6h0p6aa9hcccbq` (`goods_type_id`) USING BTREE,
  KEY `goods_id` (`goods_id`) USING BTREE,
  CONSTRAINT `t_customer_return_list_goods_ibfk_1` FOREIGN KEY (`goods_id`) REFERENCES `t_goods` (`goods_id`),
  CONSTRAINT `t_customer_return_list_goods_ibfk_2` FOREIGN KEY (`goods_type_id`) REFERENCES `t_goods_type` (`goods_type_id`),
  CONSTRAINT `t_customer_return_list_goods_ibfk_3` FOREIGN KEY (`customer_return_list_id`) REFERENCES `t_customer_return_list` (`customer_return_list_id`)
) ENGINE=InnoDB AUTO_INCREMENT=7 DEFAULT CHARSET=utf8 ROW_FORMAT=DYNAMIC;

/*Data for the table `t_customer_return_list_goods` */

insert  into `t_customer_return_list_goods`(`customer_return_list_goods_id`,`goods_id`,`goods_code`,`goods_name`,`goods_model`,`goods_num`,`goods_unit`,`price`,`total`,`customer_return_list_id`,`goods_type_id`) values (1,1,'0001','陶华碧老干妈香辣脆油辣椒','红色装',10,'瓶',8.5,85,1,10),(5,11,'0003','野生东北黑木耳','500g装',5,'袋',38,190,5,11),(6,11,'0003','野生东北黑木耳','500g装',3,'袋',38,114,6,11);

/*Table structure for table `t_damage_list` */

DROP TABLE IF EXISTS `t_damage_list`;

CREATE TABLE `t_damage_list` (
  `damage_list_id` int(11) NOT NULL AUTO_INCREMENT COMMENT '商品报损单id，主键',
  `damage_number` varchar(100) DEFAULT NULL COMMENT '商品报损单号',
  `damage_date` varchar(20) DEFAULT NULL COMMENT '创建日期',
  `remarks` varchar(1000) DEFAULT NULL COMMENT '备注',
  `user_id` int(11) DEFAULT NULL COMMENT '用户id，外键',
  PRIMARY KEY (`damage_list_id`) USING BTREE,
  KEY `FKpn094ma69sch1icjc2gu7xus` (`user_id`) USING BTREE,
  CONSTRAINT `t_damage_list_ibfk_1` FOREIGN KEY (`user_id`) REFERENCES `t_user` (`user_id`)
) ENGINE=InnoDB AUTO_INCREMENT=8 DEFAULT CHARSET=utf8 ROW_FORMAT=DYNAMIC;

/*Data for the table `t_damage_list` */

insert  into `t_damage_list`(`damage_list_id`,`damage_number`,`damage_date`,`remarks`,`user_id`) values (1,'BS1550561206988','2019-02-19','',1),(2,'BS1565489147613','2019-08-11','aaaaa',1),(3,'BS1605766247962','2020-11-19','',1),(4,'BS1605766644460','2020-11-19','',1),(5,'BS1605766644460',NULL,NULL,1),(6,'BS1605766644460',NULL,NULL,1),(7,'BS1606111244343','2020-11-23','包装损坏',1);

/*Table structure for table `t_damage_list_goods` */

DROP TABLE IF EXISTS `t_damage_list_goods`;

CREATE TABLE `t_damage_list_goods` (
  `damage_list_goods_id` int(11) NOT NULL AUTO_INCREMENT COMMENT '商品报损单商品列表id，主键',
  `goods_id` int(11) DEFAULT NULL COMMENT '商品编号id，外键',
  `goods_code` varchar(50) DEFAULT NULL COMMENT '商品编码',
  `goods_name` varchar(50) DEFAULT NULL COMMENT '商品名称',
  `goods_model` varchar(50) DEFAULT NULL COMMENT '商品型号',
  `goods_unit` varchar(10) DEFAULT NULL COMMENT '商品单位',
  `goods_num` int(11) DEFAULT NULL COMMENT '报损数量',
  `price` float NOT NULL COMMENT '商品单价',
  `total` float NOT NULL COMMENT '总金额',
  `damage_list_id` int(11) DEFAULT NULL COMMENT '商品报损单id，外键',
  `goods_type_id` int(11) DEFAULT NULL COMMENT '商品类别id，外键',
  PRIMARY KEY (`damage_list_goods_id`) USING BTREE,
  KEY `FKbf5m8mm3gctrnuubr9xkjamj8` (`damage_list_id`) USING BTREE,
  KEY `FK8r7ietq6opa0ci7uxdqc264yf` (`goods_type_id`) USING BTREE,
  KEY `goods_id` (`goods_id`) USING BTREE,
  CONSTRAINT `t_damage_list_goods_ibfk_1` FOREIGN KEY (`goods_id`) REFERENCES `t_goods` (`goods_id`),
  CONSTRAINT `t_damage_list_goods_ibfk_2` FOREIGN KEY (`damage_list_id`) REFERENCES `t_damage_list` (`damage_list_id`),
  CONSTRAINT `t_damage_list_goods_ibfk_3` FOREIGN KEY (`goods_type_id`) REFERENCES `t_goods_type` (`goods_type_id`)
) ENGINE=InnoDB AUTO_INCREMENT=7 DEFAULT CHARSET=utf8 ROW_FORMAT=DYNAMIC;

/*Data for the table `t_damage_list_goods` */

insert  into `t_damage_list_goods`(`damage_list_goods_id`,`goods_id`,`goods_code`,`goods_name`,`goods_model`,`goods_unit`,`goods_num`,`price`,`total`,`damage_list_id`,`goods_type_id`) values (1,14,'0006','冰糖金桔干','300g装','盒',4,5,20,1,11),(2,37,'0027','aaa','aaa','户',5,20,100,2,17),(3,12,'0004','新疆红枣','2斤装','袋',2,13,26,3,10),(4,13,'0005','麦片燕麦巧克力','散装500克','袋',3,8,24,3,11),(5,11,'0003','野生东北黑木耳','500g装','袋',5,23,115,4,11),(6,11,'0003','野生东北黑木耳','500g装','袋',3,23,69,7,11);

/*Table structure for table `t_goods` */

DROP TABLE IF EXISTS `t_goods`;

CREATE TABLE `t_goods` (
  `goods_id` int(11) NOT NULL AUTO_INCREMENT COMMENT '商品编号id，主键',
  `goods_code` varchar(50) DEFAULT NULL COMMENT '商品编码',
  `goods_name` varchar(50) DEFAULT NULL COMMENT '商品名称',
  `inventory_quantity` int(11) NOT NULL COMMENT '库存数量',
  `min_num` int(11) NOT NULL COMMENT '库存下限',
  `goods_model` varchar(50) DEFAULT NULL COMMENT '商品型号',
  `goods_producer` varchar(200) DEFAULT NULL COMMENT '生产厂商',
  `purchasing_price` float NOT NULL COMMENT '采购价格',
  `last_purchasing_price` float NOT NULL COMMENT '上一次采购价格',
  `remarks` varchar(1000) DEFAULT NULL COMMENT '备注',
  `selling_price` float NOT NULL COMMENT '出售价格',
  `state` int(11) NOT NULL COMMENT '0表示初始值,1表示已入库，2表示有进货或销售单据',
  `goods_unit` varchar(10) DEFAULT NULL COMMENT '商品单位',
  `goods_type_id` int(11) DEFAULT NULL COMMENT '商品类别id，外键',
  PRIMARY KEY (`goods_id`) USING BTREE,
  KEY `goods_type_id` (`goods_type_id`) USING BTREE,
  CONSTRAINT `t_goods_ibfk_1` FOREIGN KEY (`goods_type_id`) REFERENCES `t_goods_type` (`goods_type_id`)
) ENGINE=InnoDB AUTO_INCREMENT=38 DEFAULT CHARSET=utf8 ROW_FORMAT=DYNAMIC;

/*Data for the table `t_goods` */

insert  into `t_goods`(`goods_id`,`goods_code`,`goods_name`,`inventory_quantity`,`min_num`,`goods_model`,`goods_producer`,`purchasing_price`,`last_purchasing_price`,`remarks`,`selling_price`,`state`,`goods_unit`,`goods_type_id`) values (1,'0001','陶华碧老干妈香辣脆油辣椒',167,1000,'红色装','贵州省贵阳南明老干妈风味食品有限公司',7.95,8.5,'好卖',8.5,2,'瓶',10),(2,'0002','华为荣耀Note8',146,400,'Note8','华为计算机系统有限公司',2152.51,2220,'热销',2200,2,'台',16),(11,'0003','野生东北黑木耳',2659,400,'500g装','辉南县博康土特产有限公司',23,23,'够黑2',38,2,'袋',11),(12,'0004','新疆红枣',348,300,'2斤装','沧州铭鑫食品有限公司',13,13,'好吃',25,2,'袋',10),(13,'0005','麦片燕麦巧克力',57,1000,'散装500克','福建省麦德好食品工业有限公司',8,8,'Goods',15,2,'袋',11),(14,'0006','冰糖金桔干',65,1999,'300g装','揭西县同心食品有限公司',5.02,5,'',13,2,'盒',11),(15,'0007','吉利人家牛肉味蛋糕',101210,400,'500g装','合肥吉利人家食品有限公司',4.5,4.5,'good',10,2,'袋',11),(16,'0008','奕森奶油桃肉蜜饯果脯果干桃肉干休闲零食品',200,500,'128g装','潮州市潮安区正大食品有限公司',3,3,'',10,2,'盒',11),(17,'0009','休闲零食坚果特产精品干果无漂白大个开心果',400,1000,'240g装','石家庄博群食品有限公司',20,20,'',33,2,'袋',11),(18,'0010','劲仔小鱼干',25,300,'250g装','湖南省华文食品有限公司',12,12,'',20,2,'袋',11),(19,'0011','山楂条',11,300,'198g装','临朐县七贤升利食品厂',3.2,3.2,'',10,0,'袋',11),(20,'0012','大乌梅干',22,200,'500g装','长春市鼎丰真食品有限责任公司',20,20,'',25,0,'袋',11),(21,'0013','手工制作芝麻香酥麻通',400,100,'250g装','桂林兰雨食品有限公司',3,3,'',8,2,'袋',11),(22,'0014','美国青豆原味 蒜香',62,200,'250g装','菲律宾',5,5,'',8,2,'袋',11),(24,'0015',' iPhone X',47,100,'X','xx2',8000,8000,'xxx2',9500,2,'台',16),(25,'0016','21',0,12,'X','32',21.1,21.1,'21',120,0,'盒',3),(26,'0017','Sony/索尼 ILCE-A6000L WIFI微单数码相机高清单电',-1,100,'ILCE-A6000L','xxx',3000,3000,'xxx',3650,2,'台',15),(27,'0018','Canon/佳能 IXUS 285 HS 数码相机 2020万像素高清拍摄',-1,400,'IXUS 285 HS','xx',800,800,'xxx',1299,2,'台',15),(28,'0019','Golden Field/金河田 Q8电脑音响台式多媒体家用音箱低音炮重低音',10,300,'Q8','xxxx',65,70,'',129,2,'台',17),(29,'0020','Haier/海尔冰箱BCD-190WDPT双门电冰箱大两门冷藏冷冻',1,50,'190WDPT','cc',1000,1000,'',1699,2,'台',14),(30,'0021','Xiaomi/小米 小米电视4A 32英寸 智能液晶平板电视机',0,320,'4A ','cc',700,700,'',1199,0,'台',12),(31,'0022','TCL XQB55-36SP 5.5公斤全自动波轮迷你小型洗衣机家用单脱抗菌',0,40,'XQB55-36SP','cc',400,400,'',729,0,'台',13),(32,'0023','台湾进口膨化零食品张君雅小妹妹日式串烧丸子80g*2',0,1000,'80g*2','cc',4,4,'',15,0,'袋',9),(33,'0024','卓图女装立领针织格子印花拼接高腰A字裙2017秋冬新款碎花连衣裙',0,10,'A字裙','cc',168,168,'',298,0,'件',6),(34,'0025','西服套装男三件套秋季新款商务修身职业正装男士西装新郎结婚礼服',0,10,'三件套秋','cc',189,189,'',299,0,'件',7),(37,'0027','啛啛喳喳',20,11,'aaa','aaa',21.1,21.1,'aaa',12.1,2,'户',17);

/*Table structure for table `t_goods_type` */

DROP TABLE IF EXISTS `t_goods_type`;

CREATE TABLE `t_goods_type` (
  `goods_type_id` int(11) NOT NULL AUTO_INCREMENT COMMENT '商品类别id，主键',
  `goods_type_name` varchar(50) DEFAULT NULL COMMENT '商品类别名称',
  `p_id` int(11) DEFAULT NULL COMMENT '父商品类别id',
  `goods_type_state` int(11) DEFAULT NULL COMMENT '类别状态，0为叶子节点',
  PRIMARY KEY (`goods_type_id`) USING BTREE
) ENGINE=InnoDB AUTO_INCREMENT=18 DEFAULT CHARSET=utf8 ROW_FORMAT=DYNAMIC;

/*Data for the table `t_goods_type` */

insert  into `t_goods_type`(`goods_type_id`,`goods_type_name`,`p_id`,`goods_type_state`) values (1,'所有类别',-1,1),(2,'服饰',1,1),(3,'食品',1,1),(4,'家电',1,1),(5,'数码',1,1),(6,'连衣裙',2,0),(7,'男士西装',2,0),(8,'牛仔裤',2,0),(9,'进口食品',3,0),(10,'地方特产',3,0),(11,'休闲食品',3,0),(12,'电视机',4,0),(13,'洗衣机',4,0),(14,'冰箱',4,0),(15,'相机',5,0),(16,'手机',5,0),(17,'音箱',5,0);

/*Table structure for table `t_log` */

DROP TABLE IF EXISTS `t_log`;

CREATE TABLE `t_log` (
  `log_id` int(11) NOT NULL AUTO_INCREMENT COMMENT '日志id，主键',
  `log_type` varchar(50) DEFAULT NULL COMMENT '日志类型',
  `content` varchar(50) DEFAULT NULL COMMENT '日志内容',
  `log_date` datetime DEFAULT NULL COMMENT '日志时间',
  `user_id` int(11) DEFAULT NULL COMMENT '用户id，外键',
  PRIMARY KEY (`log_id`) USING BTREE,
  KEY `FKbvn5yabu3vqwvtjoh32i9r4ip` (`user_id`) USING BTREE,
  CONSTRAINT `t_log_ibfk_1` FOREIGN KEY (`user_id`) REFERENCES `t_user` (`user_id`)
) ENGINE=InnoDB AUTO_INCREMENT=6730 DEFAULT CHARSET=utf8 ROW_FORMAT=DYNAMIC;

/*Data for the table `t_log` */

insert  into `t_log`(`log_id`,`log_type`,`content`,`log_date`,`user_id`) values (4193,'登录操作','登录系统','2019-07-18 11:13:44',1),(4194,'登录操作','登录系统','2019-07-18 11:19:44',1),(4195,'登录操作','登录系统','2019-07-18 11:20:23',1),(4196,'登录操作','登录系统','2019-07-18 11:20:39',1),(4197,'登录操作','登录系统','2019-07-18 11:22:02',1),(4198,'登录操作','登录系统','2019-07-18 11:22:27',1),(4199,'登录操作','登录系统','2019-07-18 11:22:49',3),(4200,'登录操作','登录系统','2019-07-18 11:23:00',3),(4201,'登录操作','登录系统','2019-07-18 11:23:07',3),(4202,'登录操作','登录系统','2019-07-18 11:24:58',3),(4203,'登录操作','登录系统','2019-07-18 11:27:48',1),(4204,'登录操作','登录系统','2019-07-18 11:28:05',3),(4205,'登录操作','登录系统','2019-07-18 11:33:13',1),(4206,'登录操作','登录系统','2019-07-18 11:33:26',3),(4207,'登录操作','登录系统','2019-07-18 11:33:48',3),(4208,'登录操作','登录系统','2019-07-18 11:36:43',3),(4209,'登录操作','登录系统','2019-07-18 11:36:50',3),(4210,'登录操作','登录系统','2019-07-18 11:36:55',3),(4211,'登录操作','登录系统','2019-07-18 11:38:31',3),(4212,'登录操作','登录系统','2019-07-18 11:39:06',3),(4213,'登录操作','登录系统','2019-07-18 11:45:22',3),(4214,'登录操作','登录系统','2019-07-18 11:46:46',3),(4215,'登录操作','登录系统','2019-07-18 11:46:52',3),(4216,'登录操作','登录系统','2019-07-18 12:01:59',3),(4217,'登录操作','登录系统','2019-07-18 12:02:13',1),(4218,'登录操作','登录系统','2019-07-18 15:19:58',1),(4219,'登录操作','登录系统','2019-07-18 15:27:06',1),(4220,'登录操作','登录系统','2019-07-18 15:29:40',3),(4221,'登录操作','登录系统','2019-07-18 15:31:14',3),(4222,'登录操作','登录系统','2019-07-18 15:32:40',3),(4223,'登录操作','登录系统','2019-07-18 16:22:03',1),(4224,'登录操作','登录系统','2019-07-18 16:23:56',3),(4225,'登录操作','登录系统','2019-07-18 16:33:12',1),(4226,'登录操作','登录系统','2019-07-19 06:59:16',1),(4227,'登录操作','登录系统','2019-07-19 07:27:20',1),(4228,'登录操作','登录系统','2019-07-19 07:28:13',1),(4229,'登录操作','登录系统','2019-07-19 13:31:24',1),(4230,'登录操作','登录系统','2019-07-19 13:46:01',1),(4231,'登录操作','登录系统','2019-07-19 13:51:11',1),(4232,'登录操作','登录系统','2019-07-19 13:54:25',1),(4233,'登录操作','登录系统','2019-07-19 14:02:52',1),(4234,'登录操作','登录系统','2019-07-19 14:07:19',1),(4235,'查询操作','分页查询角色信息','2019-07-19 14:07:23',1),(4236,'查询操作','分页查询角色信息','2019-07-19 14:07:23',1),(4237,'查询操作','分页查询角色信息','2019-07-19 14:08:05',1),(4238,'查询操作','分页查询角色信息','2019-07-19 14:08:05',1),(4239,'登录操作','登录系统','2019-07-19 14:09:42',1),(4240,'查询操作','分页查询角色信息','2019-07-19 14:09:46',1),(4241,'查询操作','分页查询角色信息','2019-07-19 14:09:46',1),(4242,'登录操作','登录系统','2019-07-19 14:18:53',1),(4243,'查询操作','分页查询角色信息','2019-07-19 14:18:57',1),(4244,'查询操作','分页查询角色信息','2019-07-19 14:18:57',1),(4245,'查询操作','分页查询角色信息','2019-07-19 14:21:06',1),(4246,'查询操作','分页查询角色信息','2019-07-19 14:21:06',1),(4247,'查询操作','分页查询角色信息','2019-07-19 14:22:41',1),(4248,'查询操作','分页查询角色信息','2019-07-19 14:24:45',1),(4249,'查询操作','分页查询角色信息','2019-07-19 14:24:45',1),(4250,'查询操作','分页查询角色信息','2019-07-19 14:24:49',1),(4251,'登录操作','登录系统','2019-07-19 14:26:38',1),(4252,'查询操作','分页查询角色信息','2019-07-19 14:26:42',1),(4253,'查询操作','分页查询角色信息','2019-07-19 14:26:42',1),(4254,'查询操作','分页查询角色信息','2019-07-19 14:37:29',1),(4255,'查询操作','分页查询角色信息','2019-07-19 14:37:29',1),(4256,'查询操作','分页查询角色信息','2019-07-19 14:37:42',1),(4257,'登录操作','登录系统','2019-07-19 14:47:57',1),(4258,'查询操作','分页查询角色信息','2019-07-19 14:48:00',1),(4259,'查询操作','分页查询角色信息','2019-07-19 14:48:00',1),(4260,'查询操作','分页查询角色信息','2019-07-19 14:48:04',1),(4261,'查询操作','分页查询角色信息','2019-07-19 14:48:17',1),(4262,'查询操作','分页查询角色信息','2019-07-19 14:48:42',1),(4263,'查询操作','分页查询角色信息','2019-07-19 14:48:54',1),(4264,'登录操作','登录系统','2019-07-19 14:56:50',1),(4265,'查询操作','分页查询角色信息','2019-07-19 14:56:55',1),(4266,'查询操作','分页查询角色信息','2019-07-19 14:56:55',1),(4267,'查询操作','分页查询角色信息','2019-07-19 15:00:49',1),(4268,'查询操作','分页查询角色信息','2019-07-19 15:00:49',1),(4269,'查询操作','分页查询角色信息','2019-07-19 15:00:57',1),(4270,'查询操作','分页查询角色信息','2019-07-19 15:01:04',1),(4271,'查询操作','分页查询角色信息','2019-07-19 15:01:13',1),(4272,'查询操作','分页查询角色信息','2019-07-19 15:04:56',1),(4273,'查询操作','分页查询角色信息','2019-07-19 15:04:57',1),(4274,'查询操作','分页查询角色信息','2019-07-19 15:05:10',1),(4275,'查询操作','分页查询角色信息','2019-07-19 15:05:17',1),(4276,'查询操作','分页查询角色信息','2019-07-19 15:05:17',1),(4277,'查询操作','分页查询角色信息','2019-07-19 15:06:30',1),(4278,'查询操作','分页查询角色信息','2019-07-19 15:06:36',1),(4279,'查询操作','分页查询角色信息','2019-07-19 15:06:36',1),(4280,'查询操作','分页查询角色信息','2019-07-19 15:06:38',1),(4281,'登录操作','登录系统','2019-07-19 15:11:40',1),(4282,'查询操作','分页查询角色信息','2019-07-19 15:11:45',1),(4283,'查询操作','分页查询角色信息','2019-07-19 15:11:45',1),(4284,'查询操作','分页查询角色信息','2019-07-19 15:12:01',1),(4285,'查询操作','分页查询角色信息','2019-07-19 15:12:03',1),(4286,'查询操作','分页查询角色信息','2019-07-19 15:12:06',1),(4287,'查询操作','分页查询角色信息','2019-07-19 15:12:08',1),(4288,'查询操作','分页查询角色信息','2019-07-19 15:12:09',1),(4289,'查询操作','分页查询角色信息','2019-07-19 15:12:14',1),(4290,'查询操作','分页查询角色信息','2019-07-19 15:12:37',1),(4291,'查询操作','分页查询角色信息','2019-07-19 15:12:42',1),(4292,'登录操作','登录系统','2019-07-19 16:22:54',1),(4293,'查询操作','分页查询角色信息','2019-07-19 16:22:57',1),(4294,'查询操作','分页查询角色信息','2019-07-19 16:22:57',1),(4295,'登录操作','登录系统','2019-07-19 16:23:18',3),(4296,'登录操作','登录系统','2019-07-19 16:23:36',3),(4297,'登录操作','登录系统','2019-07-19 16:23:45',3),(4298,'登录操作','登录系统','2019-07-19 16:24:06',1),(4299,'登录操作','登录系统','2019-07-19 16:24:21',3),(4300,'登录操作','登录系统','2019-07-19 16:24:33',1),(4301,'查询操作','分页查询角色信息','2019-07-19 16:31:33',1),(4302,'查询操作','分页查询角色信息','2019-07-19 16:31:34',1),(4303,'查询操作','分页查询角色信息','2019-07-19 16:33:13',1),(4304,'查询操作','分页查询角色信息','2019-07-19 16:33:18',1),(4305,'查询操作','分页查询角色信息','2019-07-19 16:33:40',1),(4306,'查询操作','分页查询角色信息','2019-07-19 16:33:45',1),(4307,'查询操作','分页查询角色信息','2019-07-19 16:33:48',1),(4308,'查询操作','分页查询角色信息','2019-07-19 16:34:50',1),(4309,'查询操作','分页查询角色信息','2019-07-19 16:35:02',1),(4310,'查询操作','分页查询角色信息','2019-07-19 16:35:05',1),(4311,'查询操作','分页查询角色信息','2019-07-19 16:36:57',1),(4312,'查询操作','分页查询角色信息','2019-07-19 16:37:00',1),(4313,'查询操作','分页查询角色信息','2019-07-19 16:37:02',1),(4314,'查询操作','分页查询角色信息','2019-07-19 16:37:03',1),(4315,'查询操作','分页查询角色信息','2019-07-19 16:37:04',1),(4316,'查询操作','分页查询角色信息','2019-07-19 16:37:04',1),(4317,'查询操作','分页查询角色信息','2019-07-19 16:37:05',1),(4318,'查询操作','分页查询角色信息','2019-07-19 16:38:40',1),(4319,'查询操作','分页查询角色信息','2019-07-19 16:38:40',1),(4320,'查询操作','分页查询角色信息','2019-07-19 16:38:59',1),(4321,'查询操作','分页查询角色信息','2019-07-19 16:39:04',1),(4322,'查询操作','分页查询角色信息','2019-07-19 16:39:06',1),(4323,'查询操作','分页查询角色信息','2019-07-19 16:39:08',1),(4324,'查询操作','分页查询角色信息','2019-07-19 16:40:13',1),(4325,'查询操作','分页查询角色信息','2019-07-19 16:40:28',1),(4326,'查询操作','分页查询角色信息','2019-07-19 16:40:33',1),(4327,'查询操作','分页查询角色信息','2019-07-19 16:46:59',1),(4328,'查询操作','分页查询角色信息','2019-07-19 16:46:59',1),(4329,'登录操作','登录系统','2019-07-19 16:47:30',1),(4330,'查询操作','分页查询角色信息','2019-07-19 16:49:46',1),(4331,'查询操作','分页查询角色信息','2019-07-19 16:49:46',1),(4332,'查询操作','分页查询角色信息','2019-07-19 16:50:14',1),(4333,'查询操作','分页查询角色信息','2019-07-19 16:51:24',1),(4334,'查询操作','分页查询角色信息','2019-07-19 16:51:24',1),(4335,'查询操作','分页查询角色信息','2019-07-19 17:04:27',1),(4336,'查询操作','分页查询角色信息','2019-07-19 17:04:27',1),(4337,'登录操作','登录系统','2019-07-19 17:52:10',1),(4338,'查询操作','分页查询角色信息','2019-07-19 17:52:20',1),(4339,'查询操作','分页查询角色信息','2019-07-19 17:52:20',1),(4340,'查询操作','分页查询角色信息','2019-07-19 17:53:48',1),(4341,'查询操作','分页查询角色信息','2019-07-19 17:53:48',1),(4342,'查询操作','分页查询角色信息','2019-07-19 17:56:55',1),(4343,'查询操作','分页查询角色信息','2019-07-19 17:56:55',1),(4344,'查询操作','分页查询角色信息','2019-07-19 17:57:08',1),(4345,'查询操作','分页查询角色信息','2019-07-19 17:57:08',1),(4346,'新增操作','新增角色:方法','2019-07-19 17:57:58',1),(4347,'查询操作','分页查询角色信息','2019-07-19 17:57:58',1),(4348,'修改操作','修改角色:方法啊啊','2019-07-19 17:58:50',1),(4349,'查询操作','分页查询角色信息','2019-07-19 17:58:50',1),(4350,'修改操作','修改角色:方法','2019-07-19 17:59:31',1),(4351,'查询操作','分页查询角色信息','2019-07-19 17:59:31',1),(4352,'登录操作','登录系统','2019-07-21 17:53:37',1),(4353,'查询操作','分页查询角色信息','2019-07-21 17:54:16',1),(4354,'查询操作','分页查询角色信息','2019-07-21 17:54:16',1),(4355,'查询操作','分页查询角色信息','2019-07-21 18:13:57',1),(4356,'查询操作','分页查询角色信息','2019-07-21 18:14:06',1),(4357,'查询操作','分页查询角色信息','2019-07-21 18:14:10',1),(4358,'登录操作','登录系统','2019-07-25 09:07:32',1),(4359,'查询操作','分页查询供应商','2019-07-25 09:07:37',1),(4360,'查询操作','分页查询供应商','2019-07-25 09:07:37',1),(4361,'查询操作','分页查询供应商','2019-07-25 09:08:56',1),(4362,'查询操作','分页查询供应商','2019-07-25 09:10:22',1),(4363,'查询操作','分页查询供应商','2019-07-25 09:10:22',1),(4364,'查询操作','分页查询供应商','2019-07-25 09:13:26',1),(4365,'查询操作','分页查询供应商','2019-07-25 09:13:28',1),(4366,'查询操作','分页查询供应商','2019-07-25 09:14:18',1),(4367,'查询操作','分页查询供应商','2019-07-25 09:14:18',1),(4368,'登录操作','登录系统','2019-07-25 09:20:10',1),(4369,'查询操作','分页查询供应商','2019-07-25 09:20:15',1),(4370,'查询操作','分页查询供应商','2019-07-25 09:20:15',1),(4371,'查询操作','分页查询供应商','2019-07-25 09:48:13',1),(4372,'查询操作','分页查询供应商','2019-07-25 09:48:13',1),(4373,'登录操作','登录系统','2019-07-25 09:49:55',1),(4374,'查询操作','分页查询供应商','2019-07-25 09:50:02',1),(4375,'查询操作','分页查询供应商','2019-07-25 09:50:02',1),(4376,'查询操作','分页查询供应商','2019-07-25 09:50:32',1),(4377,'查询操作','分页查询供应商','2019-07-25 09:50:42',1),(4378,'查询操作','分页查询供应商','2019-07-25 09:50:49',1),(4379,'查询操作','分页查询供应商','2019-07-25 09:50:56',1),(4380,'查询操作','分页查询供应商','2019-07-25 09:51:03',1),(4381,'查询操作','分页查询供应商','2019-07-25 09:51:07',1),(4382,'查询操作','分页查询供应商','2019-07-25 09:51:10',1),(4383,'查询操作','分页查询供应商','2019-07-25 09:51:11',1),(4384,'查询操作','分页查询供应商','2019-07-25 09:51:16',1),(4385,'查询操作','分页查询供应商','2019-07-25 09:51:19',1),(4386,'登录操作','登录系统','2019-07-25 10:02:58',1),(4387,'查询操作','分页查询供应商','2019-07-25 10:03:02',1),(4388,'查询操作','分页查询供应商','2019-07-25 10:03:02',1),(4389,'登录操作','登录系统','2019-07-25 15:47:59',1),(4390,'查询操作','分页查询供应商','2019-07-25 15:48:07',1),(4391,'查询操作','分页查询供应商','2019-07-25 15:48:07',1),(4392,'查询操作','分页查询供应商','2019-07-25 15:55:43',1),(4393,'查询操作','分页查询供应商','2019-07-25 15:55:43',1),(4394,'新增操作','添加供应商:null','2019-07-25 15:56:51',1),(4395,'查询操作','分页查询供应商','2019-07-25 15:58:18',1),(4396,'查询操作','分页查询供应商','2019-07-25 15:58:18',1),(4397,'新增操作','添加供应商:null','2019-07-25 15:58:51',1),(4398,'查询操作','分页查询供应商','2019-07-25 16:00:08',1),(4399,'登录操作','登录系统','2019-07-25 16:01:45',1),(4400,'查询操作','分页查询供应商','2019-07-25 16:01:50',1),(4401,'查询操作','分页查询供应商','2019-07-25 16:01:50',1),(4402,'新增操作','添加供应商:null','2019-07-25 16:02:03',1),(4403,'查询操作','分页查询供应商','2019-07-25 16:02:03',1),(4404,'查询操作','分页查询角色信息','2019-07-25 16:02:33',1),(4405,'查询操作','分页查询角色信息','2019-07-25 16:02:33',1),(4406,'查询操作','分页查询角色信息','2019-07-25 16:02:50',1),(4407,'查询操作','分页查询角色信息','2019-07-25 16:02:50',1),(4408,'新增操作','新增角色:aa','2019-07-25 16:03:01',1),(4409,'查询操作','分页查询角色信息','2019-07-25 16:03:01',1),(4410,'查询操作','查询菜单信息','2019-07-25 16:03:08',1),(4411,'删除操作','删除角色:aa','2019-07-25 16:03:13',1),(4412,'查询操作','分页查询角色信息','2019-07-25 16:03:13',1),(4413,'查询操作','分页查询供应商','2019-07-25 16:05:00',1),(4414,'查询操作','分页查询供应商','2019-07-25 16:05:00',1),(4415,'新增操作','添加供应商:SDA','2019-07-25 16:05:19',1),(4416,'查询操作','分页查询供应商','2019-07-25 16:05:19',1),(4417,'查询操作','分页查询供应商','2019-07-25 16:05:56',1),(4418,'新增操作','添加供应商:SDA','2019-07-25 16:06:09',1),(4419,'查询操作','分页查询供应商','2019-07-25 16:06:09',1),(4420,'修改操作','修改供应商:SDAa','2019-07-25 16:09:59',1),(4421,'查询操作','分页查询供应商','2019-07-25 16:10:00',1),(4422,'查询操作','分页查询供应商','2019-07-25 16:10:26',1),(4423,'查询操作','分页查询供应商','2019-07-25 16:10:32',1),(4424,'查询操作','分页查询供应商','2019-07-25 16:10:34',1),(4425,'查询操作','分页查询供应商','2019-07-25 16:10:40',1),(4426,'查询操作','分页查询供应商','2019-07-25 16:10:45',1),(4427,'新增操作','添加供应商:SDA','2019-07-25 16:10:54',1),(4428,'查询操作','分页查询供应商','2019-07-25 16:10:55',1),(4429,'查询操作','分页查询供应商','2019-07-25 16:13:58',1),(4430,'新增操作','添加供应商:SDAa','2019-07-25 16:14:38',1),(4431,'查询操作','分页查询供应商','2019-07-25 16:14:38',1),(4432,'查询操作','分页查询供应商','2019-07-25 16:16:00',1),(4433,'查询操作','分页查询供应商','2019-07-25 16:16:00',1),(4434,'删除操作','删除供应商:SDA','2019-07-25 16:16:21',1),(4435,'删除操作','删除供应商:SDAa','2019-07-25 16:16:21',1),(4436,'查询操作','分页查询供应商','2019-07-25 16:16:21',1),(4437,'查询操作','分页查询供应商','2019-07-25 16:21:00',1),(4438,'查询操作','分页查询供应商','2019-07-25 16:21:00',1),(4439,'查询操作','分页查询供应商','2019-07-25 16:25:44',1),(4440,'查询操作','分页查询供应商','2019-07-25 16:25:44',1),(4441,'登录操作','登录系统','2019-07-26 08:47:13',1),(4442,'查询操作','分页查询供应商','2019-07-26 08:47:23',1),(4443,'查询操作','分页查询供应商','2019-07-26 08:47:24',1),(4444,'查询操作','分页查询客户','2019-07-26 08:47:32',1),(4445,'查询操作','分页查询客户','2019-07-26 08:47:32',1),(4446,'查询操作','分页查询客户','2019-07-26 08:47:39',1),(4447,'登录操作','登录系统','2019-07-26 08:54:10',1),(4448,'查询操作','分页查询客户','2019-07-26 08:54:18',1),(4449,'查询操作','分页查询客户','2019-07-26 08:54:18',1),(4450,'查询操作','分页查询客户','2019-07-26 08:54:37',1),(4451,'查询操作','分页查询客户','2019-07-26 08:54:45',1),(4452,'登录操作','登录系统','2019-07-26 08:55:59',1),(4453,'查询操作','分页查询客户','2019-07-26 08:56:06',1),(4454,'查询操作','分页查询客户','2019-07-26 08:56:06',1),(4455,'新增操作','添加客户:万隆超市','2019-07-26 08:57:37',1),(4456,'查询操作','分页查询客户','2019-07-26 08:57:37',1),(4457,'修改操作','修改客户:万隆超市','2019-07-26 08:57:53',1),(4458,'查询操作','分页查询客户','2019-07-26 08:57:53',1),(4459,'修改操作','修改客户:万隆超市a','2019-07-26 08:58:16',1),(4460,'查询操作','分页查询客户','2019-07-26 08:58:16',1),(4461,'修改操作','修改客户:万隆超市','2019-07-26 08:58:43',1),(4462,'查询操作','分页查询客户','2019-07-26 08:58:43',1),(4463,'登录操作','登录系统','2019-07-26 09:00:24',1),(4464,'查询操作','分页查询客户','2019-07-26 09:00:32',1),(4465,'查询操作','分页查询客户','2019-07-26 09:00:32',1),(4466,'登录操作','登录系统','2019-07-26 09:09:18',1),(4467,'查询操作','分页查询客户','2019-07-26 09:09:25',1),(4468,'查询操作','分页查询客户','2019-07-26 09:09:25',1),(4469,'修改操作','修改客户:万隆超市a','2019-07-26 09:09:32',1),(4470,'查询操作','分页查询客户','2019-07-26 09:09:32',1),(4471,'登录操作','登录系统','2019-07-26 09:22:04',1),(4472,'查询操作','分页查询客户','2019-07-26 09:22:48',1),(4473,'查询操作','分页查询客户','2019-07-26 09:22:48',1),(4474,'查询操作','分页查询客户','2019-07-26 09:22:52',1),(4475,'查询操作','分页查询客户','2019-07-26 09:22:55',1),(4476,'查询操作','分页查询客户','2019-07-26 09:23:07',1),(4477,'查询操作','分页查询客户','2019-07-26 09:23:09',1),(4478,'查询操作','分页查询客户','2019-07-26 09:23:17',1),(4479,'查询操作','分页查询客户','2019-07-26 09:23:18',1),(4480,'新增操作','添加客户:万隆超市','2019-07-26 09:23:34',1),(4481,'查询操作','分页查询客户','2019-07-26 09:23:35',1),(4482,'登录操作','登录系统','2019-07-26 09:26:54',1),(4483,'查询操作','分页查询客户','2019-07-26 09:27:03',1),(4484,'查询操作','分页查询客户','2019-07-26 09:27:03',1),(4485,'删除操作','删除客户:万隆超市a','2019-07-26 09:27:07',1),(4486,'删除操作','删除客户:万隆超市','2019-07-26 09:27:07',1),(4487,'查询操作','分页查询客户','2019-07-26 09:27:07',1),(4488,'查询操作','分页查询客户','2019-07-26 10:07:43',1),(4489,'查询操作','分页查询客户','2019-07-26 10:07:43',1),(4490,'登录操作','登录系统','2019-07-26 17:13:25',1),(4491,'查询操作','分页查询客户','2019-07-26 17:13:34',1),(4492,'查询操作','分页查询客户','2019-07-26 17:13:34',1),(4493,'查询操作','查询商品类别信息','2019-07-26 17:13:37',1),(4494,'登录操作','登录系统','2019-07-26 17:15:51',1),(4495,'查询操作','查询商品类别信息','2019-07-26 17:16:04',1),(4496,'查询操作','查询商品类别信息','2019-07-26 17:17:57',1),(4497,'登录操作','登录系统','2019-07-27 07:26:16',1),(4498,'查询操作','查询商品类别信息','2019-07-27 07:26:25',1),(4499,'登录操作','登录系统','2019-07-27 08:07:26',1),(4500,'查询操作','分页查询用户信息','2019-07-27 08:07:33',1),(4501,'查询操作','查询所有角色信息','2019-07-27 08:07:33',1),(4502,'查询操作','分页查询用户信息','2019-07-27 08:07:33',1),(4503,'查询操作','分页查询用户信息','2019-07-27 08:07:48',1),(4504,'查询操作','分页查询用户信息','2019-07-27 08:08:01',1),(4505,'查询操作','分页查询用户信息','2019-07-27 08:08:03',1),(4506,'查询操作','分页查询用户信息','2019-07-27 08:08:09',1),(4507,'查询操作','查询商品类别信息','2019-07-27 08:12:14',1),(4508,'查询操作','查询商品类别信息','2019-07-27 08:18:24',1),(4509,'登录操作','登录系统','2019-07-27 08:19:23',1),(4510,'查询操作','查询商品类别信息','2019-07-27 08:19:33',1),(4511,'新增操作','添加商品单位:null','2019-07-27 08:21:16',1),(4512,'登录操作','登录系统','2019-07-27 08:23:30',1),(4513,'查询操作','查询商品类别信息','2019-07-27 08:23:36',1),(4514,'查询操作','查询商品类别信息','2019-07-27 08:25:32',1),(4515,'删除操作','删除商品单位:null','2019-07-27 08:25:43',1),(4516,'登录操作','登录系统','2019-07-27 10:12:03',1),(4517,'查询操作','查询商品类别信息','2019-07-27 10:12:09',1),(4518,'新增操作','添加商品单位:aa','2019-07-27 10:12:58',1),(4519,'新增操作','添加商品单位:aa','2019-07-27 10:13:26',1),(4520,'查询操作','查询商品类别信息','2019-07-27 10:18:13',1),(4521,'登录操作','登录系统','2019-07-27 10:18:46',1),(4522,'查询操作','查询商品类别信息','2019-07-27 10:18:51',1),(4523,'删除操作','删除商品单位:aa','2019-07-27 10:21:58',1),(4524,'删除操作','删除商品单位:aa','2019-07-27 10:22:09',1),(4525,'登录操作','登录系统','2019-07-27 15:49:06',1),(4526,'查询操作','查询商品类别信息','2019-07-27 15:49:15',1),(4527,'查询操作','查询商品类别信息','2019-07-27 15:52:13',1),(4528,'查询操作','查询商品类别信息','2019-07-27 15:54:06',1),(4529,'新增操作','新增商品类别:出行','2019-07-27 15:57:48',1),(4530,'查询操作','查询商品类别信息','2019-07-27 15:57:48',1),(4531,'新增操作','新增商品类别:摩托车','2019-07-27 15:59:25',1),(4532,'查询操作','查询商品类别信息','2019-07-27 15:59:25',1),(4533,'新增操作','新增商品类别:啊','2019-07-27 15:59:42',1),(4534,'查询操作','查询商品类别信息','2019-07-27 15:59:42',1),(4535,'新增操作','新增商品类别:啊','2019-07-27 16:00:32',1),(4536,'查询操作','查询商品类别信息','2019-07-27 16:00:33',1),(4537,'登录操作','登录系统','2019-07-27 16:11:03',1),(4538,'查询操作','查询商品类别信息','2019-07-27 16:11:12',1),(4539,'登录操作','登录系统','2019-07-27 16:15:13',1),(4540,'查询操作','查询商品类别信息','2019-07-27 16:15:18',1),(4541,'查询操作','查询商品类别信息','2019-07-27 16:15:39',1),(4542,'查询操作','查询商品类别信息','2019-07-27 16:16:08',1),(4543,'删除操作','删除商品类别：啊','2019-07-27 16:16:16',1),(4544,'查询操作','查询商品类别信息','2019-07-27 16:16:16',1),(4545,'查询操作','查询商品类别信息','2019-07-27 16:16:48',1),(4546,'查询操作','查询商品类别信息','2019-07-27 16:17:12',1),(4547,'查询操作','查询商品类别信息','2019-07-27 16:20:59',1),(4548,'新增操作','新增商品类别:af','2019-07-27 16:21:22',1),(4549,'查询操作','查询商品类别信息','2019-07-27 16:21:22',1),(4550,'登录操作','登录系统','2019-07-27 16:30:00',1),(4551,'查询操作','查询商品类别信息','2019-07-27 16:30:06',1),(4552,'查询操作','查询商品类别信息','2019-07-27 16:30:25',1),(4553,'查询操作','查询商品类别信息','2019-07-27 16:34:16',1),(4554,'登录操作','登录系统','2019-07-27 16:36:05',1),(4555,'查询操作','查询商品类别信息','2019-07-27 16:36:11',1),(4556,'登录操作','登录系统','2019-07-27 16:40:57',1),(4557,'查询操作','查询商品类别信息','2019-07-27 16:41:03',1),(4558,'查询操作','查询商品类别信息','2019-07-27 16:41:44',1),(4559,'查询操作','查询商品类别信息','2019-07-27 16:42:59',1),(4560,'登录操作','登录系统','2019-07-27 16:47:34',1),(4561,'查询操作','查询商品类别信息','2019-07-27 16:47:43',1),(4562,'删除操作','删除商品类别：啊','2019-07-27 16:48:11',1),(4563,'查询操作','查询商品类别信息','2019-07-27 16:48:11',1),(4564,'删除操作','删除商品类别：af','2019-07-27 16:48:30',1),(4565,'查询操作','查询商品类别信息','2019-07-27 16:48:30',1),(4566,'删除操作','删除商品类别：摩托车','2019-07-27 16:48:43',1),(4567,'查询操作','查询商品类别信息','2019-07-27 16:48:43',1),(4568,'删除操作','删除商品类别：出行','2019-07-27 16:49:08',1),(4569,'查询操作','查询商品类别信息','2019-07-27 16:49:08',1),(4570,'新增操作','新增商品类别:afd','2019-07-27 16:54:30',1),(4571,'查询操作','查询商品类别信息','2019-07-27 16:54:30',1),(4572,'删除操作','删除商品类别：afd','2019-07-27 16:54:46',1),(4573,'查询操作','查询商品类别信息','2019-07-27 16:54:47',1),(4574,'查询操作','查询商品类别信息','2019-07-27 17:11:43',1),(4575,'查询操作','查询商品类别信息','2019-07-27 17:11:57',1),(4576,'登录操作','登录系统','2019-07-30 09:08:30',1),(4577,'查询操作','分页查询商品信息','2019-07-30 09:08:41',1),(4578,'查询操作','查询商品类别信息','2019-07-30 09:08:41',1),(4579,'查询操作','分页查询商品信息','2019-07-30 09:09:38',1),(4580,'查询操作','分页查询商品信息','2019-07-30 09:09:48',1),(4581,'查询操作','分页查询商品信息','2019-07-30 09:09:49',1),(4582,'查询操作','分页查询商品信息','2019-07-30 09:09:50',1),(4583,'查询操作','分页查询商品信息','2019-07-30 09:09:51',1),(4584,'查询操作','分页查询商品信息','2019-07-30 09:09:52',1),(4585,'查询操作','分页查询商品信息','2019-07-30 09:09:52',1),(4586,'登录操作','登录系统','2019-07-30 09:14:27',1),(4587,'查询操作','分页查询商品信息','2019-07-30 09:14:35',1),(4588,'查询操作','查询商品类别信息','2019-07-30 09:14:35',1),(4589,'登录操作','登录系统','2019-07-30 09:15:04',1),(4590,'查询操作','分页查询商品信息','2019-07-30 09:15:12',1),(4591,'查询操作','查询商品类别信息','2019-07-30 09:15:12',1),(4592,'登录操作','登录系统','2019-07-30 09:16:52',1),(4593,'查询操作','分页查询商品信息','2019-07-30 09:17:02',1),(4594,'查询操作','查询商品类别信息','2019-07-30 09:17:03',1),(4595,'查询操作','分页查询商品信息','2019-07-30 09:17:43',1),(4596,'查询操作','分页查询商品信息','2019-07-30 09:17:49',1),(4597,'查询操作','分页查询商品信息','2019-07-30 09:18:22',1),(4598,'查询操作','分页查询商品信息','2019-07-30 09:18:24',1),(4599,'查询操作','分页查询商品信息','2019-07-30 09:18:25',1),(4600,'查询操作','分页查询商品信息','2019-07-30 09:18:27',1),(4601,'查询操作','分页查询商品信息','2019-07-30 09:18:36',1),(4602,'查询操作','分页查询商品信息','2019-07-30 09:18:40',1),(4603,'登录操作','登录系统','2019-07-30 09:21:35',1),(4604,'查询操作','分页查询商品信息','2019-07-30 09:21:43',1),(4605,'查询操作','查询商品类别信息','2019-07-30 09:21:43',1),(4606,'查询操作','分页查询商品信息','2019-07-30 09:21:51',1),(4607,'查询操作','分页查询商品信息','2019-07-30 09:21:58',1),(4608,'查询操作','查询商品类别信息','2019-07-30 09:21:58',1),(4609,'查询操作','分页查询商品信息','2019-07-30 09:22:05',1),(4610,'查询操作','分页查询商品信息','2019-07-30 09:22:12',1),(4611,'查询操作','分页查询商品信息','2019-07-30 09:22:16',1),(4612,'查询操作','分页查询商品信息','2019-07-30 09:22:20',1),(4613,'查询操作','分页查询商品信息','2019-07-30 09:22:22',1),(4614,'查询操作','分页查询商品信息','2019-07-30 09:22:22',1),(4615,'查询操作','分页查询商品信息','2019-07-30 09:22:25',1),(4616,'查询操作','分页查询商品信息','2019-07-30 09:22:29',1),(4617,'查询操作','分页查询商品信息','2019-07-30 09:22:36',1),(4618,'查询操作','分页查询商品信息','2019-07-30 09:22:38',1),(4619,'查询操作','分页查询商品信息','2019-07-30 09:22:39',1),(4620,'查询操作','分页查询商品信息','2019-07-30 09:22:43',1),(4621,'查询操作','分页查询商品信息','2019-07-30 09:22:50',1),(4622,'查询操作','分页查询商品信息','2019-07-30 09:22:54',1),(4623,'查询操作','分页查询商品信息','2019-07-30 09:22:56',1),(4624,'查询操作','分页查询商品信息','2019-07-30 09:23:04',1),(4625,'查询操作','分页查询商品信息','2019-07-30 09:23:06',1),(4626,'查询操作','分页查询商品信息','2019-07-30 09:23:08',1),(4627,'查询操作','分页查询商品信息','2019-07-30 09:27:13',1),(4628,'查询操作','分页查询商品信息','2019-07-30 09:27:14',1),(4629,'查询操作','分页查询商品信息','2019-07-30 09:27:19',1),(4630,'查询操作','分页查询商品信息','2019-07-30 09:27:21',1),(4631,'查询操作','分页查询商品信息','2019-07-30 09:29:05',1),(4632,'查询操作','分页查询客户','2019-07-30 09:29:30',1),(4633,'查询操作','分页查询客户','2019-07-30 09:29:30',1),(4634,'登录操作','登录系统','2019-07-30 09:34:50',1),(4635,'查询操作','分页查询商品信息','2019-07-30 09:35:06',1),(4636,'查询操作','查询商品类别信息','2019-07-30 09:35:06',1),(4637,'查询操作','分页查询商品信息','2019-07-30 09:36:53',1),(4638,'查询操作','查询商品类别信息','2019-07-30 09:36:55',1),(4639,'查询操作','分页查询商品信息','2019-07-30 09:36:59',1),(4640,'查询操作','查询商品类别信息','2019-07-30 09:37:02',1),(4641,'查询操作','分页查询商品信息','2019-07-30 09:37:09',1),(4642,'查询操作','查询商品类别信息','2019-07-30 09:37:13',1),(4643,'查询操作','查询商品类别信息','2019-07-30 09:38:22',1),(4644,'查询操作','查询商品类别信息','2019-07-30 09:38:29',1),(4645,'查询操作','分页查询商品信息','2019-07-30 09:48:42',1),(4646,'查询操作','分页查询商品信息','2019-07-30 09:48:54',1),(4647,'查询操作','查询商品类别信息','2019-07-30 09:48:55',1),(4648,'登录操作','登录系统','2019-07-30 09:50:56',1),(4649,'查询操作','分页查询商品信息','2019-07-30 09:51:02',1),(4650,'查询操作','查询商品类别信息','2019-07-30 09:51:02',1),(4651,'查询操作','分页查询商品信息','2019-07-30 09:51:05',1),(4652,'查询操作','分页查询商品信息','2019-07-30 09:51:16',1),(4653,'查询操作','分页查询商品信息','2019-07-30 09:51:28',1),(4654,'查询操作','分页查询商品信息','2019-07-30 09:51:31',1),(4655,'查询操作','分页查询商品信息','2019-07-30 09:51:35',1),(4656,'查询操作','分页查询商品信息','2019-07-30 09:52:01',1),(4657,'查询操作','查询商品类别信息','2019-07-30 09:52:01',1),(4658,'查询操作','分页查询商品信息','2019-07-30 09:52:16',1),(4659,'查询操作','查询商品类别信息','2019-07-30 09:52:16',1),(4660,'登录操作','登录系统','2019-07-30 09:52:58',1),(4661,'查询操作','分页查询商品信息','2019-07-30 09:53:04',1),(4662,'查询操作','查询商品类别信息','2019-07-30 09:53:05',1),(4663,'查询操作','分页查询商品信息','2019-07-30 09:53:10',1),(4664,'查询操作','分页查询商品信息','2019-07-30 09:53:13',1),(4665,'登录操作','登录系统','2019-07-30 09:56:04',1),(4666,'查询操作','分页查询商品信息','2019-07-30 09:56:09',1),(4667,'查询操作','查询商品类别信息','2019-07-30 09:56:09',1),(4668,'查询操作','分页查询商品信息','2019-07-30 09:56:11',1),(4669,'查询操作','分页查询商品信息','2019-07-30 09:56:13',1),(4670,'查询操作','分页查询商品信息','2019-07-30 09:56:20',1),(4671,'查询操作','分页查询商品信息','2019-07-30 09:56:22',1),(4672,'查询操作','分页查询商品信息','2019-07-30 09:56:43',1),(4673,'查询操作','分页查询商品信息','2019-07-30 09:56:45',1),(4674,'查询操作','分页查询商品信息','2019-07-30 09:56:48',1),(4675,'查询操作','分页查询商品信息','2019-07-30 09:56:55',1),(4676,'查询操作','查询商品类别信息','2019-07-30 09:57:03',1),(4677,'登录操作','登录系统','2019-07-30 10:21:07',1),(4678,'查询操作','分页查询商品信息','2019-07-30 10:21:15',1),(4679,'查询操作','查询商品类别信息','2019-07-30 10:21:15',1),(4680,'查询操作','分页查询商品信息','2019-07-30 10:21:33',1),(4681,'查询操作','分页查询商品信息','2019-07-30 10:21:40',1),(4682,'查询操作','分页查询商品信息','2019-07-30 10:21:47',1),(4683,'新增操作','添加商品:aaa','2019-07-30 10:23:48',1),(4684,'登录操作','登录系统','2019-07-30 10:27:06',1),(4685,'查询操作','分页查询商品信息','2019-07-30 10:27:11',1),(4686,'查询操作','查询商品类别信息','2019-07-30 10:27:12',1),(4687,'查询操作','分页查询商品信息','2019-07-30 10:27:13',1),(4688,'新增操作','添加商品:aaa','2019-07-30 10:27:31',1),(4689,'登录操作','登录系统','2019-07-30 10:29:32',1),(4690,'查询操作','分页查询商品信息','2019-07-30 10:29:38',1),(4691,'查询操作','查询商品类别信息','2019-07-30 10:29:38',1),(4692,'查询操作','分页查询商品信息','2019-07-30 10:29:39',1),(4693,'新增操作','添加商品:aaa','2019-07-30 10:29:54',1),(4694,'查询操作','分页查询商品信息','2019-07-30 10:29:55',1),(4695,'查询操作','分页查询商品信息','2019-07-30 10:29:59',1),(4696,'查询操作','分页查询商品信息','2019-07-30 10:31:11',1),(4697,'登录操作','登录系统','2019-07-30 16:08:53',1),(4698,'查询操作','分页查询商品信息','2019-07-30 16:09:04',1),(4699,'查询操作','查询商品类别信息','2019-07-30 16:09:05',1),(4700,'查询操作','分页查询商品信息','2019-07-30 16:09:28',1),(4701,'查询操作','查询商品类别信息','2019-07-30 16:09:29',1),(4702,'查询操作','分页查询商品信息','2019-07-30 16:09:31',1),(4703,'查询操作','分页查询商品信息','2019-07-30 16:09:32',1),(4704,'查询操作','分页查询商品信息','2019-07-30 16:09:33',1),(4705,'查询操作','分页查询商品信息','2019-07-30 16:09:35',1),(4706,'查询操作','分页查询商品信息','2019-07-30 16:09:40',1),(4707,'查询操作','查询商品类别信息','2019-07-30 16:10:34',1),(4708,'查询操作','查询商品类别信息','2019-07-30 16:10:38',1),(4709,'修改操作','修改商品:bbb','2019-07-30 16:11:02',1),(4710,'查询操作','分页查询商品信息','2019-07-30 16:11:03',1),(4711,'查询操作','分页查询商品信息','2019-07-30 16:12:21',1),(4712,'查询操作','查询商品类别信息','2019-07-30 16:12:27',1),(4713,'修改操作','修改商品:bbb','2019-07-30 16:12:32',1),(4714,'查询操作','分页查询商品信息','2019-07-30 16:12:32',1),(4715,'查询操作','分页查询商品信息','2019-07-30 16:12:35',1),(4716,'查询操作','分页查询商品信息','2019-07-30 16:14:20',1),(4717,'查询操作','分页查询商品信息','2019-07-30 16:14:24',1),(4718,'删除操作','删除商品:bbb','2019-07-30 16:15:31',1),(4719,'查询操作','分页查询商品信息','2019-07-30 16:15:32',1),(4720,'查询操作','分页查询商品信息','2019-07-30 16:15:34',1),(4721,'查询操作','分页查询商品信息','2019-07-30 16:16:00',1),(4722,'查询操作','查询商品类别信息','2019-07-30 16:16:00',1),(4723,'查询操作','分页查询商品信息','2019-07-30 16:16:04',1),(4724,'查询操作','分页查询商品信息','2019-07-30 16:16:05',1),(4725,'登录操作','登录系统','2019-08-01 08:08:47',1),(4726,'查询操作','分页查询商品信息（有库存）','2019-08-01 08:08:57',1),(4727,'查询操作','分页查询商品信息（无库存）','2019-08-01 08:08:57',1),(4728,'查询操作','分页查询商品信息（无库存）','2019-08-01 08:10:19',1),(4729,'查询操作','分页查询商品信息（有库存）','2019-08-01 08:10:29',1),(4730,'查询操作','分页查询商品信息（无库存）','2019-08-01 08:10:39',1),(4731,'查询操作','分页查询商品信息（无库存）','2019-08-01 08:10:48',1),(4732,'查询操作','分页查询商品信息（无库存）','2019-08-01 08:10:49',1),(4733,'查询操作','分页查询商品信息（无库存）','2019-08-01 08:10:49',1),(4734,'查询操作','分页查询商品信息（有库存）','2019-08-01 08:10:55',1),(4735,'查询操作','分页查询商品信息（无库存）','2019-08-01 08:11:22',1),(4736,'查询操作','分页查询商品信息（无库存）','2019-08-01 08:11:22',1),(4737,'查询操作','分页查询商品信息（无库存）','2019-08-01 08:11:24',1),(4738,'查询操作','分页查询商品信息（无库存）','2019-08-01 08:11:25',1),(4739,'查询操作','分页查询商品信息（无库存）','2019-08-01 08:11:26',1),(4740,'查询操作','分页查询商品信息（无库存）','2019-08-01 08:11:26',1),(4741,'查询操作','分页查询商品信息（无库存）','2019-08-01 08:11:26',1),(4742,'查询操作','分页查询商品信息（无库存）','2019-08-01 08:11:27',1),(4743,'查询操作','分页查询商品信息（无库存）','2019-08-01 08:11:40',1),(4744,'登录操作','登录系统','2019-08-01 08:15:04',1),(4745,'查询操作','分页查询商品信息（无库存）','2019-08-01 08:15:11',1),(4746,'查询操作','分页查询商品信息（有库存）','2019-08-01 08:15:11',1),(4747,'查询操作','分页查询商品信息（无库存）','2019-08-01 08:15:13',1),(4748,'查询操作','分页查询商品信息（无库存）','2019-08-01 08:15:20',1),(4749,'查询操作','分页查询商品信息（无库存）','2019-08-01 08:15:35',1),(4750,'查询操作','分页查询商品信息（无库存）','2019-08-01 08:15:35',1),(4751,'查询操作','分页查询商品信息（无库存）','2019-08-01 08:15:37',1),(4752,'查询操作','分页查询商品信息（无库存）','2019-08-01 08:15:39',1),(4753,'查询操作','分页查询商品信息（无库存）','2019-08-01 08:15:40',1),(4754,'查询操作','分页查询商品信息（无库存）','2019-08-01 08:15:41',1),(4755,'查询操作','分页查询商品信息（无库存）','2019-08-01 08:15:46',1),(4756,'查询操作','分页查询商品信息（无库存）','2019-08-01 08:15:58',1),(4757,'查询操作','分页查询商品信息（无库存）','2019-08-01 08:16:01',1),(4758,'查询操作','分页查询商品信息（无库存）','2019-08-01 08:16:02',1),(4759,'查询操作','分页查询商品信息（无库存）','2019-08-01 08:16:03',1),(4760,'查询操作','分页查询商品信息（无库存）','2019-08-01 08:16:04',1),(4761,'查询操作','分页查询商品信息（无库存）','2019-08-01 08:16:07',1),(4762,'查询操作','分页查询商品信息（无库存）','2019-08-01 08:16:16',1),(4763,'查询操作','分页查询商品信息（无库存）','2019-08-01 08:16:18',1),(4764,'查询操作','分页查询商品信息（无库存）','2019-08-01 08:16:18',1),(4765,'查询操作','分页查询商品信息（无库存）','2019-08-01 08:16:19',1),(4766,'查询操作','分页查询商品信息（无库存）','2019-08-01 08:16:19',1),(4767,'查询操作','分页查询商品信息（无库存）','2019-08-01 08:16:20',1),(4768,'查询操作','分页查询商品信息（无库存）','2019-08-01 08:16:20',1),(4769,'查询操作','分页查询商品信息（无库存）','2019-08-01 08:16:21',1),(4770,'查询操作','分页查询商品信息（无库存）','2019-08-01 08:16:21',1),(4771,'查询操作','分页查询商品信息（无库存）','2019-08-01 08:16:21',1),(4772,'查询操作','分页查询商品信息（无库存）','2019-08-01 08:16:22',1),(4773,'查询操作','分页查询商品信息（无库存）','2019-08-01 08:16:23',1),(4774,'查询操作','分页查询商品信息（无库存）','2019-08-01 08:16:24',1),(4775,'查询操作','分页查询商品信息（无库存）','2019-08-01 08:16:54',1),(4776,'查询操作','分页查询商品信息（有库存）','2019-08-01 08:16:54',1),(4777,'查询操作','分页查询商品信息','2019-08-01 08:17:05',1),(4778,'查询操作','查询商品类别信息','2019-08-01 08:17:05',1),(4779,'查询操作','分页查询商品信息','2019-08-01 08:17:18',1),(4780,'查询操作','分页查询商品信息（无库存）','2019-08-01 08:17:24',1),(4781,'查询操作','分页查询商品信息（有库存）','2019-08-01 08:17:24',1),(4782,'查询操作','分页查询商品信息','2019-08-01 08:17:43',1),(4783,'查询操作','分页查询商品信息','2019-08-01 08:17:46',1),(4784,'新增操作','添加商品:aaa','2019-08-01 08:18:27',1),(4785,'查询操作','分页查询商品信息','2019-08-01 08:18:27',1),(4786,'查询操作','分页查询商品信息（无库存）','2019-08-01 08:18:43',1),(4787,'查询操作','分页查询商品信息（有库存）','2019-08-01 08:18:43',1),(4788,'查询操作','分页查询商品信息（无库存）','2019-08-01 08:19:20',1),(4789,'查询操作','分页查询商品信息（有库存）','2019-08-01 08:19:20',1),(4790,'查询操作','分页查询商品信息（无库存）','2019-08-01 08:19:25',1),(4791,'查询操作','分页查询商品信息（有库存）','2019-08-01 08:19:26',1),(4792,'登录操作','登录系统','2019-08-01 08:35:54',1),(4793,'查询操作','分页查询商品信息（无库存）','2019-08-01 08:36:07',1),(4794,'查询操作','分页查询商品信息（有库存）','2019-08-01 08:36:07',1),(4795,'查询操作','分页查询商品信息（无库存）','2019-08-01 08:36:18',1),(4796,'查询操作','分页查询商品信息（无库存）','2019-08-01 08:36:19',1),(4797,'查询操作','分页查询商品信息（无库存）','2019-08-01 08:36:20',1),(4798,'查询操作','分页查询商品信息（无库存）','2019-08-01 08:36:22',1),(4799,'查询操作','分页查询商品信息（无库存）','2019-08-01 08:36:23',1),(4800,'查询操作','分页查询商品信息（无库存）','2019-08-01 08:36:24',1),(4801,'修改操作','aaa商品期初入库','2019-08-01 08:38:00',1),(4802,'查询操作','分页查询商品信息（无库存）','2019-08-01 08:38:01',1),(4803,'查询操作','分页查询商品信息（有库存）','2019-08-01 08:38:01',1),(4804,'修改操作','aaa商品期初入库','2019-08-01 08:41:35',1),(4805,'查询操作','分页查询商品信息（有库存）','2019-08-01 08:41:35',1),(4806,'查询操作','分页查询商品信息（无库存）','2019-08-01 08:41:35',1),(4807,'查询操作','分页查询商品信息（无库存）','2019-08-01 08:42:14',1),(4808,'查询操作','分页查询商品信息（无库存）','2019-08-01 08:42:15',1),(4809,'查询操作','分页查询商品信息（无库存）','2019-08-01 08:42:16',1),(4810,'查询操作','分页查询商品信息（无库存）','2019-08-01 08:42:16',1),(4811,'查询操作','分页查询商品信息（无库存）','2019-08-01 08:42:17',1),(4812,'修改操作','aaa商品期初入库','2019-08-01 08:42:28',1),(4813,'查询操作','分页查询商品信息（无库存）','2019-08-01 08:42:28',1),(4814,'查询操作','分页查询商品信息（有库存）','2019-08-01 08:42:28',1),(4815,'查询操作','分页查询商品信息（无库存）','2019-08-01 08:42:33',1),(4816,'查询操作','分页查询商品信息（无库存）','2019-08-01 08:43:49',1),(4817,'查询操作','分页查询商品信息（有库存）','2019-08-01 08:43:50',1),(4818,'查询操作','分页查询商品信息（无库存）','2019-08-01 08:45:20',1),(4819,'查询操作','分页查询商品信息（有库存）','2019-08-01 08:45:21',1),(4820,'登录操作','登录系统','2019-08-01 08:45:47',1),(4821,'查询操作','分页查询商品信息（无库存）','2019-08-01 08:45:53',1),(4822,'查询操作','分页查询商品信息（有库存）','2019-08-01 08:45:53',1),(4823,'查询操作','分页查询商品信息（有库存）','2019-08-01 08:46:01',1),(4824,'查询操作','分页查询商品信息（有库存）','2019-08-01 08:46:03',1),(4825,'查询操作','分页查询商品信息（有库存）','2019-08-01 08:46:09',1),(4826,'查询操作','分页查询商品信息（有库存）','2019-08-01 08:46:14',1),(4827,'查询操作','分页查询商品信息（有库存）','2019-08-01 08:46:19',1),(4828,'查询操作','分页查询商品信息（有库存）','2019-08-01 08:46:20',1),(4829,'修改操作','aaa商品清除库存','2019-08-01 08:46:43',1),(4830,'查询操作','分页查询商品信息（无库存）','2019-08-01 08:46:43',1),(4831,'查询操作','分页查询商品信息（有库存）','2019-08-01 08:46:43',1),(4832,'查询操作','分页查询商品信息（有库存）','2019-08-01 08:49:22',1),(4833,'修改操作','aaa商品清除库存','2019-08-01 08:50:17',1),(4834,'查询操作','分页查询商品信息（无库存）','2019-08-01 08:50:17',1),(4835,'查询操作','分页查询商品信息（有库存）','2019-08-01 08:50:17',1),(4836,'修改操作','aaa商品清除库存','2019-08-01 08:53:50',1),(4837,'查询操作','分页查询商品信息（无库存）','2019-08-01 08:53:50',1),(4838,'查询操作','分页查询商品信息（有库存）','2019-08-01 08:53:50',1),(4839,'登录操作','登录系统','2019-08-01 15:48:31',1),(4840,'查询操作','分页查询商品信息（有库存）','2019-08-01 15:48:46',1),(4841,'查询操作','分页查询商品信息（无库存）','2019-08-01 15:48:46',1),(4842,'修改操作','aaa商品清除库存','2019-08-01 15:48:59',1),(4843,'查询操作','分页查询商品信息（无库存）','2019-08-01 15:48:59',1),(4844,'查询操作','分页查询商品信息（有库存）','2019-08-01 15:48:59',1),(4845,'登录操作','登录系统','2019-08-01 15:58:17',1),(4846,'查询操作','分页查询商品信息（无库存）','2019-08-01 15:58:23',1),(4847,'查询操作','分页查询商品信息（有库存）','2019-08-01 15:58:23',1),(4848,'修改操作','aaa商品清除库存','2019-08-01 15:58:34',1),(4849,'查询操作','分页查询商品信息（无库存）','2019-08-01 15:58:34',1),(4850,'查询操作','分页查询商品信息（有库存）','2019-08-01 15:58:34',1),(4851,'修改操作','aaa商品清除库存','2019-08-01 15:59:51',1),(4852,'查询操作','分页查询商品信息（无库存）','2019-08-01 15:59:51',1),(4853,'查询操作','分页查询商品信息（有库存）','2019-08-01 15:59:51',1),(4854,'修改操作','aaa商品清除库存','2019-08-01 16:01:06',1),(4855,'查询操作','分页查询商品信息（无库存）','2019-08-01 16:01:06',1),(4856,'查询操作','分页查询商品信息（有库存）','2019-08-01 16:01:06',1),(4857,'修改操作','aaa商品期初入库','2019-08-01 16:17:17',1),(4858,'查询操作','分页查询商品信息（无库存）','2019-08-01 16:17:17',1),(4859,'查询操作','分页查询商品信息（有库存）','2019-08-01 16:17:17',1),(4860,'登录操作','登录系统','2019-08-01 16:29:06',1),(4861,'查询操作','分页查询商品信息（无库存）','2019-08-01 16:29:12',1),(4862,'查询操作','分页查询商品信息（有库存）','2019-08-01 16:29:12',1),(4863,'查询操作','分页查询商品信息（无库存）','2019-08-01 16:29:23',1),(4864,'查询操作','分页查询商品信息（有库存）','2019-08-01 16:29:23',1),(4865,'修改操作','aaa商品期初入库','2019-08-01 16:29:38',1),(4866,'查询操作','分页查询商品信息（无库存）','2019-08-01 16:29:38',1),(4867,'查询操作','分页查询商品信息（有库存）','2019-08-01 16:29:38',1),(4868,'修改操作','aaa商品清除库存','2019-08-01 16:29:45',1),(4869,'查询操作','分页查询商品信息（无库存）','2019-08-01 16:29:45',1),(4870,'查询操作','分页查询商品信息（有库存）','2019-08-01 16:29:45',1),(4871,'查询操作','分页查询商品信息','2019-08-01 16:40:43',1),(4872,'查询操作','分页查询商品信息','2019-08-01 16:40:44',1),(4873,'查询操作','分页查询商品信息','2019-08-01 16:40:52',1),(4874,'查询操作','分页查询商品信息','2019-08-01 16:40:52',1),(4875,'查询操作','查询商品类别信息','2019-08-01 16:40:59',1),(4876,'查询操作','查询商品类别信息','2019-08-01 16:42:37',1),(4877,'查询操作','分页查询商品信息','2019-08-01 16:42:43',1),(4878,'查询操作','分页查询商品信息','2019-08-01 16:42:44',1),(4879,'查询操作','查询商品类别信息','2019-08-01 16:42:57',1),(4880,'查询操作','查询商品类别信息','2019-08-01 16:43:07',1),(4881,'查询操作','分页查询商品信息','2019-08-01 16:43:10',1),(4882,'查询操作','分页查询商品信息','2019-08-01 16:43:34',1),(4883,'查询操作','查询商品类别信息','2019-08-01 16:44:30',1),(4884,'查询操作','分页查询商品信息','2019-08-01 16:44:44',1),(4885,'查询操作','分页查询商品信息','2019-08-01 16:44:44',1),(4886,'查询操作','分页查询商品信息','2019-08-01 16:46:23',1),(4887,'查询操作','分页查询商品信息','2019-08-01 16:46:23',1),(4888,'查询操作','分页查询商品信息','2019-08-01 16:48:12',1),(4889,'查询操作','分页查询商品信息','2019-08-01 16:48:12',1),(4890,'查询操作','分页查询商品信息','2019-08-01 16:48:35',1),(4891,'查询操作','分页查询商品信息','2019-08-01 16:48:36',1),(4892,'查询操作','查询商品类别信息','2019-08-01 16:48:38',1),(4893,'查询操作','分页查询商品信息','2019-08-01 16:48:43',1),(4894,'查询操作','分页查询商品信息','2019-08-01 16:48:56',1),(4895,'查询操作','分页查询商品信息','2019-08-01 16:49:01',1),(4896,'查询操作','分页查询商品信息','2019-08-01 16:49:06',1),(4897,'查询操作','分页查询商品信息','2019-08-01 16:52:46',1),(4898,'查询操作','分页查询商品信息','2019-08-01 16:52:46',1),(4899,'登录操作','登录系统','2019-08-01 20:00:46',1),(4900,'查询操作','分页查询商品信息（无库存）','2019-08-01 20:00:53',1),(4901,'查询操作','分页查询商品信息（有库存）','2019-08-01 20:00:53',1),(4902,'查询操作','分页查询商品信息','2019-08-01 20:01:02',1),(4903,'查询操作','分页查询商品信息','2019-08-01 20:01:02',1),(4904,'登录操作','登录系统','2019-08-01 20:02:59',1),(4905,'查询操作','分页查询商品信息','2019-08-01 20:04:36',1),(4906,'查询操作','分页查询商品信息','2019-08-01 20:04:37',1),(4907,'查询操作','分页查询商品信息','2019-08-01 20:05:34',1),(4908,'查询操作','分页查询商品信息','2019-08-01 20:05:35',1),(4909,'查询操作','查询商品类别信息','2019-08-01 20:06:14',1),(4910,'查询操作','查询商品类别信息','2019-08-01 20:06:33',1),(4911,'查询操作','分页查询商品信息','2019-08-01 20:07:13',1),(4912,'查询操作','分页查询商品信息','2019-08-01 20:07:14',1),(4913,'查询操作','分页查询商品信息','2019-08-01 20:07:28',1),(4914,'查询操作','分页查询商品信息','2019-08-01 20:07:28',1),(4915,'查询操作','查询商品类别信息','2019-08-01 20:07:44',1),(4916,'查询操作','分页查询商品信息','2019-08-01 20:07:49',1),(4917,'查询操作','分页查询商品信息','2019-08-01 20:08:03',1),(4918,'查询操作','分页查询商品信息','2019-08-01 20:08:04',1),(4919,'查询操作','查询商品类别信息','2019-08-01 20:09:19',1),(4920,'查询操作','查询商品类别信息','2019-08-01 20:09:31',1),(4921,'登录操作','登录系统','2019-08-02 08:09:48',1),(4922,'查询操作','分页查询商品信息','2019-08-02 08:09:55',1),(4923,'查询操作','分页查询商品信息','2019-08-02 08:09:56',1),(4924,'登录操作','登录系统','2019-08-02 08:44:21',1),(4925,'查询操作','分页查询商品信息','2019-08-02 08:44:30',1),(4926,'查询操作','分页查询商品信息','2019-08-02 08:44:31',1),(4927,'登录操作','登录系统','2019-08-02 19:19:05',1),(4928,'查询操作','分页查询商品信息','2019-08-02 19:19:44',1),(4929,'查询操作','分页查询商品信息','2019-08-02 19:19:44',1),(4930,'查询操作','分页查询商品信息','2019-08-02 19:20:07',1),(4931,'查询操作','分页查询商品信息','2019-08-02 19:20:08',1),(4932,'查询操作','分页查询商品信息','2019-08-02 19:20:18',1),(4933,'查询操作','分页查询商品信息','2019-08-02 19:20:19',1),(4934,'查询操作','分页查询商品信息','2019-08-02 19:20:22',1),(4935,'查询操作','分页查询商品信息','2019-08-02 19:20:22',1),(4936,'查询操作','分页查询商品信息','2019-08-02 19:20:30',1),(4937,'查询操作','分页查询商品信息','2019-08-02 19:20:30',1),(4938,'查询操作','分页查询商品信息','2019-08-02 19:25:28',1),(4939,'查询操作','分页查询商品信息','2019-08-02 19:25:28',1),(4940,'查询操作','分页查询商品信息','2019-08-02 19:25:37',1),(4941,'查询操作','分页查询商品信息','2019-08-02 19:25:38',1),(4942,'登录操作','登录系统','2019-08-02 19:26:55',1),(4943,'查询操作','分页查询商品信息','2019-08-02 19:27:08',1),(4944,'查询操作','分页查询商品信息','2019-08-02 19:27:09',1),(4945,'查询操作','查询商品类别信息','2019-08-02 19:36:44',1),(4946,'查询操作','查询商品类别信息','2019-08-02 19:38:48',1),(4947,'查询操作','查询商品类别信息','2019-08-02 19:39:57',1),(4948,'查询操作','分页查询商品信息','2019-08-02 19:40:05',1),(4949,'查询操作','查询商品类别信息','2019-08-02 19:40:35',1),(4950,'查询操作','查询商品类别信息','2019-08-02 19:49:27',1),(4951,'登录操作','登录系统','2019-08-03 15:59:09',1),(4952,'查询操作','分页查询商品信息','2019-08-03 15:59:17',1),(4953,'查询操作','分页查询商品信息','2019-08-03 15:59:18',1),(4954,'查询操作','查询商品类别信息','2019-08-03 16:02:08',1),(4955,'查询操作','查询商品类别信息','2019-08-03 16:03:15',1),(4956,'查询操作','分页查询商品信息','2019-08-03 16:04:18',1),(4957,'新增操作','新增商品类别:null','2019-08-03 16:04:28',1),(4958,'查询操作','查询商品类别信息','2019-08-03 16:04:44',1),(4959,'查询操作','分页查询商品信息','2019-08-03 16:04:49',1),(4960,'查询操作','分页查询商品信息','2019-08-03 16:15:24',1),(4961,'查询操作','分页查询商品信息','2019-08-03 16:15:48',1),(4962,'查询操作','分页查询商品信息','2019-08-03 16:15:59',1),(4963,'查询操作','分页查询商品信息','2019-08-03 16:16:04',1),(4964,'查询操作','分页查询商品信息','2019-08-03 16:16:07',1),(4965,'查询操作','分页查询商品信息','2019-08-03 16:16:22',1),(4966,'查询操作','分页查询商品信息','2019-08-03 16:16:38',1),(4967,'查询操作','查询商品类别信息','2019-08-03 16:17:25',1),(4968,'查询操作','查询商品类别信息','2019-08-03 16:17:59',1),(4969,'登录操作','登录系统','2019-08-03 16:30:46',1),(4970,'查询操作','分页查询商品信息','2019-08-03 16:30:51',1),(4971,'查询操作','分页查询商品信息','2019-08-03 16:30:51',1),(4972,'查询操作','查询商品类别信息','2019-08-03 16:30:58',1),(4973,'查询操作','分页查询商品信息','2019-08-03 16:31:04',1),(4974,'查询操作','查询商品类别信息','2019-08-03 16:31:09',1),(4975,'查询操作','分页查询商品信息','2019-08-03 16:31:13',1),(4976,'查询操作','分页查询商品信息','2019-08-03 16:31:15',1),(4977,'查询操作','分页查询商品信息','2019-08-03 16:31:42',1),(4978,'查询操作','分页查询商品信息','2019-08-03 16:31:44',1),(4979,'查询操作','分页查询商品信息','2019-08-03 16:31:45',1),(4980,'查询操作','分页查询商品信息','2019-08-03 16:31:46',1),(4981,'查询操作','分页查询商品信息','2019-08-03 16:31:50',1),(4982,'查询操作','分页查询商品信息','2019-08-03 16:31:50',1),(4983,'查询操作','分页查询商品信息','2019-08-03 16:31:51',1),(4984,'查询操作','分页查询商品信息','2019-08-03 16:31:53',1),(4985,'查询操作','分页查询商品信息','2019-08-03 16:32:11',1),(4986,'查询操作','分页查询商品信息','2019-08-03 16:32:20',1),(4987,'查询操作','分页查询商品信息','2019-08-03 16:32:27',1),(4988,'查询操作','分页查询商品信息','2019-08-03 16:32:35',1),(4989,'查询操作','分页查询商品信息','2019-08-03 16:32:39',1),(4990,'查询操作','分页查询商品信息','2019-08-03 16:32:43',1),(4991,'查询操作','分页查询商品信息','2019-08-03 16:33:35',1),(4992,'新增操作','新增商品类别:儿童','2019-08-03 16:33:45',1),(4993,'查询操作','查询商品类别信息','2019-08-03 16:33:45',1),(4994,'查询操作','分页查询商品信息','2019-08-03 16:33:49',1),(4995,'查询操作','分页查询商品信息','2019-08-03 16:33:54',1),(4996,'查询操作','分页查询商品信息','2019-08-03 16:33:57',1),(4997,'查询操作','分页查询商品信息','2019-08-03 16:34:00',1),(4998,'查询操作','分页查询商品信息','2019-08-03 16:34:01',1),(4999,'查询操作','分页查询商品信息','2019-08-03 16:34:02',1),(5000,'新增操作','新增商品类别:test','2019-08-03 16:34:10',1),(5001,'查询操作','查询商品类别信息','2019-08-03 16:34:10',1),(5002,'查询操作','分页查询商品信息','2019-08-03 16:34:20',1),(5003,'查询操作','分页查询商品信息','2019-08-03 16:34:21',1),(5004,'查询操作','分页查询商品信息','2019-08-03 16:34:25',1),(5005,'查询操作','分页查询商品信息','2019-08-03 16:34:26',1),(5006,'删除操作','删除商品类别：儿童','2019-08-03 16:34:34',1),(5007,'查询操作','查询商品类别信息','2019-08-03 16:34:34',1),(5008,'查询操作','分页查询商品信息','2019-08-03 16:35:10',1),(5009,'删除操作','删除商品类别：服饰','2019-08-03 16:35:17',1),(5010,'查询操作','查询商品类别信息','2019-08-03 16:35:17',1),(5011,'查询操作','分页查询商品信息','2019-08-03 16:35:46',1),(5012,'查询操作','分页查询商品信息','2019-08-03 16:35:52',1),(5013,'查询操作','分页查询商品信息','2019-08-03 16:36:01',1),(5014,'查询操作','分页查询商品信息','2019-08-03 16:36:03',1),(5015,'删除操作','删除商品类别：数码','2019-08-03 16:36:06',1),(5016,'查询操作','查询商品类别信息','2019-08-03 16:36:06',1),(5017,'查询操作','分页查询商品信息','2019-08-03 16:36:08',1),(5018,'删除操作','删除商品类别：家电','2019-08-03 16:36:59',1),(5019,'查询操作','查询商品类别信息','2019-08-03 16:36:59',1),(5020,'查询操作','查询商品类别信息','2019-08-03 16:43:03',1),(5021,'查询操作','查询商品类别信息','2019-08-03 16:45:37',1),(5022,'查询操作','分页查询商品信息','2019-08-03 16:45:44',1),(5023,'查询操作','分页查询商品信息','2019-08-03 16:46:20',1),(5024,'查询操作','分页查询商品信息','2019-08-03 16:46:20',1),(5025,'查询操作','查询商品类别信息','2019-08-03 16:46:22',1),(5026,'查询操作','分页查询商品信息','2019-08-03 16:46:27',1),(5027,'新增操作','新增商品类别:儿童','2019-08-03 16:46:31',1),(5028,'查询操作','查询商品类别信息','2019-08-03 16:46:31',1),(5029,'查询操作','分页查询商品信息','2019-08-03 16:47:51',1),(5030,'新增操作','新增商品类别:test','2019-08-03 16:47:57',1),(5031,'查询操作','查询商品类别信息','2019-08-03 16:47:57',1),(5032,'查询操作','分页查询商品信息','2019-08-03 16:48:00',1),(5033,'删除操作','删除商品类别：test','2019-08-03 16:48:03',1),(5034,'查询操作','查询商品类别信息','2019-08-03 16:48:03',1),(5035,'查询操作','分页查询商品信息','2019-08-03 16:48:05',1),(5036,'删除操作','删除商品类别：儿童','2019-08-03 16:48:09',1),(5037,'查询操作','查询商品类别信息','2019-08-03 16:48:09',1),(5038,'查询操作','分页查询商品信息','2019-08-03 16:48:25',1),(5039,'查询操作','分页查询商品信息','2019-08-03 16:48:46',1),(5040,'查询操作','分页查询商品信息','2019-08-03 16:49:07',1),(5041,'删除操作','删除商品类别：服饰','2019-08-03 16:49:10',1),(5042,'查询操作','查询商品类别信息','2019-08-03 16:49:10',1),(5043,'查询操作','查询商品类别信息','2019-08-03 16:52:35',1),(5044,'查询操作','分页查询商品信息','2019-08-03 16:52:38',1),(5045,'查询操作','查询商品类别信息','2019-08-03 16:58:25',1),(5046,'查询操作','查询商品类别信息','2019-08-03 16:58:32',1),(5047,'查询操作','查询商品类别信息','2019-08-03 16:58:39',1),(5048,'查询操作','分页查询商品信息','2019-08-03 16:58:45',1),(5049,'查询操作','分页查询商品信息','2019-08-03 17:00:24',1),(5050,'查询操作','分页查询商品信息','2019-08-03 17:00:24',1),(5051,'查询操作','查询商品类别信息','2019-08-03 17:00:26',1),(5052,'查询操作','分页查询商品信息','2019-08-03 17:00:27',1),(5053,'登录操作','登录系统','2019-08-03 17:01:21',1),(5054,'查询操作','分页查询商品信息','2019-08-03 17:01:26',1),(5055,'查询操作','分页查询商品信息','2019-08-03 17:01:26',1),(5056,'查询操作','查询商品类别信息','2019-08-03 17:01:27',1),(5057,'查询操作','分页查询商品信息','2019-08-03 17:02:32',1),(5058,'查询操作','分页查询商品信息','2019-08-03 17:02:34',1),(5059,'查询操作','分页查询商品信息','2019-08-03 17:02:35',1),(5060,'查询操作','分页查询商品信息','2019-08-03 17:02:36',1),(5061,'查询操作','分页查询商品信息','2019-08-03 17:02:36',1),(5062,'查询操作','分页查询商品信息','2019-08-03 17:02:38',1),(5063,'查询操作','分页查询商品信息','2019-08-03 17:02:48',1),(5064,'查询操作','分页查询商品信息','2019-08-03 17:02:50',1),(5065,'查询操作','查询商品类别信息','2019-08-03 17:06:39',1),(5066,'登录操作','登录系统','2019-08-03 17:11:49',1),(5067,'查询操作','分页查询商品信息','2019-08-03 17:12:00',1),(5068,'查询操作','分页查询商品信息','2019-08-03 17:12:01',1),(5069,'查询操作','查询商品类别信息','2019-08-03 17:12:02',1),(5070,'查询操作','分页查询商品信息','2019-08-03 17:12:06',1),(5071,'查询操作','分页查询商品信息','2019-08-03 17:13:04',1),(5072,'查询操作','分页查询商品信息','2019-08-03 17:13:06',1),(5073,'查询操作','分页查询商品信息','2019-08-03 17:13:40',1),(5074,'查询操作','查询商品类别信息','2019-08-03 17:13:40',1),(5075,'登录操作','登录系统','2019-08-04 08:02:27',1),(5076,'查询操作','分页查询商品信息','2019-08-04 08:02:46',1),(5077,'查询操作','分页查询商品信息','2019-08-04 08:02:46',1),(5078,'查询操作','查询商品类别信息','2019-08-04 08:02:59',1),(5079,'查询操作','分页查询商品信息','2019-08-04 08:03:05',1),(5080,'查询操作','分页查询商品信息','2019-08-04 08:03:14',1),(5081,'查询操作','分页查询商品信息','2019-08-04 08:03:20',1),(5082,'查询操作','分页查询商品信息','2019-08-04 08:03:30',1),(5083,'查询操作','分页查询商品信息','2019-08-04 08:04:24',1),(5084,'登录操作','登录系统','2019-08-04 08:26:19',1),(5085,'查询操作','分页查询商品信息','2019-08-04 08:26:33',1),(5086,'查询操作','分页查询商品信息','2019-08-04 08:26:34',1),(5087,'查询操作','查询商品类别信息','2019-08-04 08:26:39',1),(5088,'查询操作','分页查询商品信息','2019-08-04 08:26:48',1),(5089,'查询操作','分页查询商品信息','2019-08-04 08:26:48',1),(5090,'查询操作','查询商品类别信息','2019-08-04 08:26:52',1),(5091,'查询操作','分页查询商品信息','2019-08-04 08:27:23',1),(5092,'查询操作','查询商品类别信息','2019-08-04 08:27:41',1),(5093,'查询操作','查询商品类别信息','2019-08-04 08:28:50',1),(5094,'查询操作','查询商品类别信息','2019-08-04 08:29:40',1),(5095,'查询操作','查询商品类别信息','2019-08-04 08:38:24',1),(5096,'查询操作','查询商品类别信息','2019-08-04 08:39:28',1),(5097,'登录操作','登录系统','2019-08-04 08:40:08',1),(5098,'查询操作','分页查询商品信息','2019-08-04 08:40:14',1),(5099,'查询操作','分页查询商品信息','2019-08-04 08:40:14',1),(5100,'查询操作','查询商品类别信息','2019-08-04 08:40:16',1),(5101,'查询操作','分页查询商品信息','2019-08-04 08:40:19',1),(5102,'查询操作','查询商品类别信息','2019-08-04 08:40:25',1),(5103,'登录操作','登录系统','2019-08-04 08:49:53',1),(5104,'查询操作','分页查询商品信息','2019-08-04 08:50:02',1),(5105,'查询操作','分页查询商品信息','2019-08-04 08:50:03',1),(5106,'查询操作','查询商品类别信息','2019-08-04 08:50:05',1),(5107,'查询操作','分页查询商品信息','2019-08-04 08:50:10',1),(5108,'查询操作','查询商品类别信息','2019-08-04 08:50:17',1),(5109,'登录操作','登录系统','2019-08-04 08:57:51',1),(5110,'查询操作','分页查询商品信息','2019-08-04 08:58:21',1),(5111,'查询操作','分页查询商品信息','2019-08-04 08:58:21',1),(5112,'查询操作','查询商品类别信息','2019-08-04 08:58:23',1),(5113,'查询操作','分页查询商品信息','2019-08-04 08:58:27',1),(5114,'查询操作','查询商品类别信息','2019-08-04 08:58:31',1),(5115,'查询操作','分页查询商品信息','2019-08-04 09:28:23',1),(5116,'查询操作','分页查询商品信息','2019-08-04 09:28:23',1),(5117,'查询操作','查询商品类别信息','2019-08-04 09:28:25',1),(5118,'查询操作','分页查询商品信息','2019-08-04 09:28:30',1),(5119,'查询操作','查询商品类别信息','2019-08-04 09:28:34',1),(5120,'登录操作','登录系统','2019-08-04 09:29:46',1),(5121,'查询操作','分页查询商品信息','2019-08-04 09:30:14',1),(5122,'查询操作','分页查询商品信息','2019-08-04 09:30:14',1),(5123,'查询操作','查询商品类别信息','2019-08-04 09:30:17',1),(5124,'查询操作','分页查询商品信息','2019-08-04 09:30:20',1),(5125,'查询操作','查询商品类别信息','2019-08-04 09:30:24',1),(5126,'新增操作','新增进货单：JH1564882213808','2019-08-04 09:30:48',1),(5127,'查询操作','分页查询商品信息','2019-08-04 09:30:52',1),(5128,'查询操作','分页查询商品信息','2019-08-04 09:30:52',1),(5129,'查询操作','查询商品类别信息','2019-08-04 09:34:45',1),(5130,'查询操作','分页查询商品信息','2019-08-04 09:34:48',1),(5131,'新增操作','新增进货单：JH1564882251720','2019-08-04 09:35:05',1),(5132,'查询操作','分页查询商品信息','2019-08-04 09:35:07',1),(5133,'查询操作','分页查询商品信息','2019-08-04 09:35:08',1),(5134,'查询操作','分页查询商品信息','2019-08-04 09:38:31',1),(5135,'查询操作','分页查询商品信息','2019-08-04 09:38:31',1),(5136,'查询操作','分页查询商品信息','2019-08-04 09:38:52',1),(5137,'查询操作','分页查询商品信息','2019-08-04 09:38:52',1),(5138,'查询操作','查询商品类别信息','2019-08-04 09:39:36',1),(5139,'查询操作','分页查询商品信息','2019-08-04 09:39:37',1),(5140,'登录操作','登录系统','2019-08-04 10:14:30',1),(5141,'登录操作','登录系统','2019-08-05 08:58:20',1),(5142,'查询操作','分页查询商品信息','2019-08-05 08:58:27',1),(5143,'查询操作','分页查询商品信息','2019-08-05 08:58:27',1),(5144,'查询操作','查询商品类别信息','2019-08-05 08:58:31',1),(5145,'查询操作','分页查询商品信息','2019-08-05 08:58:43',1),(5146,'查询操作','分页查询商品信息','2019-08-05 08:58:43',1),(5147,'查询操作','进货单据查询','2019-08-05 08:58:59',1),(5148,'查询操作','进货单据查询','2019-08-05 08:58:59',1),(5149,'登录操作','登录系统','2019-08-05 09:14:54',1),(5150,'查询操作','分页查询商品信息','2019-08-05 09:14:58',1),(5151,'查询操作','分页查询商品信息','2019-08-05 09:14:58',1),(5152,'查询操作','查询商品类别信息','2019-08-05 09:15:00',1),(5153,'查询操作','分页查询商品信息','2019-08-05 09:15:03',1),(5154,'登录操作','登录系统','2019-08-05 15:47:42',1),(5155,'查询操作','分页查询商品信息','2019-08-05 15:47:55',1),(5156,'查询操作','分页查询商品信息','2019-08-05 15:47:56',1),(5157,'查询操作','查询商品类别信息','2019-08-05 15:47:59',1),(5158,'查询操作','分页查询商品信息','2019-08-05 15:48:02',1),(5159,'查询操作','分页查询商品信息','2019-08-05 15:48:24',1),(5160,'查询操作','分页查询商品信息','2019-08-05 15:48:24',1),(5161,'登录操作','登录系统','2019-08-06 08:07:26',1),(5162,'查询操作','分页查询商品信息','2019-08-06 08:07:37',1),(5163,'查询操作','分页查询商品信息','2019-08-06 08:07:38',1),(5164,'查询操作','查询商品类别信息','2019-08-06 08:07:48',1),(5165,'查询操作','分页查询商品信息','2019-08-06 08:08:03',1),(5166,'查询操作','分页查询商品信息','2019-08-06 08:08:05',1),(5167,'查询操作','分页查询商品信息','2019-08-06 08:08:07',1),(5168,'查询操作','分页查询商品信息','2019-08-06 08:08:08',1),(5169,'查询操作','分页查询商品信息','2019-08-06 08:08:09',1),(5170,'查询操作','分页查询商品信息','2019-08-06 08:08:14',1),(5171,'查询操作','分页查询商品信息','2019-08-06 08:08:18',1),(5172,'查询操作','分页查询商品信息','2019-08-06 08:08:20',1),(5173,'查询操作','分页查询商品信息','2019-08-06 08:08:43',1),(5174,'查询操作','分页查询商品信息','2019-08-06 08:08:48',1),(5175,'查询操作','分页查询商品信息','2019-08-06 08:08:55',1),(5176,'查询操作','分页查询商品信息','2019-08-06 08:08:57',1),(5177,'查询操作','查询商品类别信息','2019-08-06 08:09:35',1),(5178,'查询操作','分页查询商品信息','2019-08-06 08:09:41',1),(5179,'查询操作','分页查询商品信息','2019-08-06 08:09:55',1),(5180,'查询操作','分页查询商品信息','2019-08-06 08:09:55',1),(5181,'查询操作','查询商品类别信息','2019-08-06 08:09:56',1),(5182,'查询操作','分页查询商品信息','2019-08-06 08:10:00',1),(5183,'查询操作','分页查询商品信息','2019-08-06 08:10:12',1),(5184,'查询操作','分页查询商品信息','2019-08-06 08:10:12',1),(5185,'查询操作','查询商品类别信息','2019-08-06 08:10:16',1),(5186,'登录操作','登录系统','2019-08-06 08:11:36',1),(5187,'查询操作','分页查询商品信息','2019-08-06 08:11:42',1),(5188,'查询操作','分页查询商品信息','2019-08-06 08:11:42',1),(5189,'查询操作','查询商品类别信息','2019-08-06 08:12:02',1),(5190,'查询操作','分页查询商品信息','2019-08-06 08:12:05',1),(5191,'查询操作','分页查询商品信息','2019-08-06 08:12:07',1),(5192,'查询操作','分页查询商品信息','2019-08-06 08:12:08',1),(5193,'查询操作','分页查询商品信息','2019-08-06 08:12:13',1),(5194,'查询操作','分页查询商品信息','2019-08-06 08:12:17',1),(5195,'查询操作','分页查询商品信息','2019-08-06 08:12:22',1),(5196,'查询操作','分页查询商品信息','2019-08-06 08:12:24',1),(5197,'查询操作','分页查询商品信息','2019-08-06 08:12:25',1),(5198,'查询操作','分页查询商品信息','2019-08-06 08:12:26',1),(5199,'查询操作','分页查询商品信息','2019-08-06 08:12:27',1),(5200,'查询操作','分页查询商品信息','2019-08-06 08:12:28',1),(5201,'查询操作','分页查询商品信息','2019-08-06 08:12:32',1),(5202,'查询操作','分页查询商品信息','2019-08-06 08:12:33',1),(5203,'查询操作','分页查询商品信息','2019-08-06 08:12:34',1),(5204,'查询操作','分页查询商品信息','2019-08-06 08:12:36',1),(5205,'查询操作','分页查询商品信息','2019-08-06 08:12:38',1),(5206,'查询操作','分页查询商品信息','2019-08-06 08:12:50',1),(5207,'查询操作','分页查询商品信息','2019-08-06 08:12:52',1),(5208,'查询操作','分页查询商品信息','2019-08-06 08:12:53',1),(5209,'查询操作','分页查询商品信息','2019-08-06 08:12:55',1),(5210,'查询操作','分页查询商品信息','2019-08-06 08:12:55',1),(5211,'查询操作','查询商品类别信息','2019-08-06 08:13:12',1),(5212,'查询操作','分页查询商品信息','2019-08-06 08:13:20',1),(5213,'查询操作','分页查询商品信息','2019-08-06 08:13:21',1),(5214,'查询操作','查询商品类别信息','2019-08-06 08:13:22',1),(5215,'查询操作','分页查询商品信息','2019-08-06 08:13:28',1),(5216,'查询操作','查询商品类别信息','2019-08-06 08:14:34',1),(5217,'登录操作','登录系统','2019-08-06 08:20:54',1),(5218,'查询操作','分页查询商品信息','2019-08-06 08:21:00',1),(5219,'查询操作','分页查询商品信息','2019-08-06 08:21:00',1),(5220,'查询操作','查询商品类别信息','2019-08-06 08:21:02',1),(5221,'查询操作','分页查询商品信息','2019-08-06 08:21:10',1),(5222,'新增操作','新增商品类别:啊啊啊','2019-08-06 08:21:18',1),(5223,'查询操作','查询商品类别信息','2019-08-06 08:21:18',1),(5224,'查询操作','分页查询商品信息','2019-08-06 08:21:22',1),(5225,'新增操作','新增商品类别:把v','2019-08-06 08:21:33',1),(5226,'查询操作','查询商品类别信息','2019-08-06 08:21:33',1),(5227,'查询操作','分页查询商品信息','2019-08-06 08:21:36',1),(5228,'查询操作','分页查询商品信息','2019-08-06 08:21:40',1),(5229,'删除操作','删除商品类别：把v','2019-08-06 08:21:42',1),(5230,'查询操作','查询商品类别信息','2019-08-06 08:21:42',1),(5231,'查询操作','分页查询商品信息','2019-08-06 08:21:44',1),(5232,'删除操作','删除商品类别：啊啊啊','2019-08-06 08:21:47',1),(5233,'查询操作','查询商品类别信息','2019-08-06 08:21:47',1),(5234,'查询操作','分页查询商品信息','2019-08-06 08:22:12',1),(5235,'登录操作','登录系统','2019-08-06 08:26:38',1),(5236,'查询操作','分页查询商品信息','2019-08-06 08:26:43',1),(5237,'查询操作','分页查询商品信息','2019-08-06 08:26:44',1),(5238,'查询操作','查询商品类别信息','2019-08-06 08:26:45',1),(5239,'查询操作','分页查询商品信息','2019-08-06 08:26:48',1),(5240,'登录操作','登录系统','2019-08-06 15:36:27',1),(5241,'查询操作','分页查询商品信息','2019-08-06 15:36:39',1),(5242,'查询操作','分页查询商品信息','2019-08-06 15:36:39',1),(5243,'查询操作','查询商品类别信息','2019-08-06 15:36:45',1),(5244,'查询操作','分页查询商品信息','2019-08-06 15:36:53',1),(5245,'查询操作','分页查询商品信息','2019-08-06 15:38:47',1),(5246,'查询操作','分页查询商品信息','2019-08-06 15:38:47',1),(5247,'查询操作','查询商品类别信息','2019-08-06 15:38:48',1),(5248,'查询操作','分页查询商品信息','2019-08-06 15:38:51',1),(5249,'查询操作','查询商品类别信息','2019-08-06 15:39:03',1),(5250,'新增操作','新增退货单：TH1565077126915','2019-08-06 15:41:14',1),(5251,'查询操作','分页查询商品信息','2019-08-06 15:41:18',1),(5252,'查询操作','分页查询商品信息','2019-08-06 15:41:19',1),(5253,'查询操作','进货单据查询','2019-08-06 15:51:06',1),(5254,'查询操作','进货单据查询','2019-08-06 15:51:06',1),(5255,'登录操作','登录系统','2019-08-06 16:08:01',1),(5256,'查询操作','进货单据查询','2019-08-06 16:08:06',1),(5257,'查询操作','进货单据查询','2019-08-06 16:08:06',1),(5258,'查询操作','进货单据查询','2019-08-06 16:08:46',1),(5259,'查询操作','进货单据查询','2019-08-06 16:09:17',1),(5260,'查询操作','进货单据查询','2019-08-06 16:09:31',1),(5261,'查询操作','进货单据查询','2019-08-06 16:09:40',1),(5262,'登录操作','登录系统','2019-08-06 16:10:20',1),(5263,'查询操作','进货单据查询','2019-08-06 16:10:26',1),(5264,'查询操作','进货单据查询','2019-08-06 16:10:26',1),(5265,'查询操作','进货单据查询','2019-08-06 16:11:15',1),(5266,'查询操作','进货单据查询','2019-08-06 16:11:26',1),(5267,'查询操作','进货单据查询','2019-08-06 16:11:29',1),(5268,'查询操作','进货单据查询','2019-08-06 16:11:32',1),(5269,'查询操作','进货单据查询','2019-08-06 16:11:50',1),(5270,'查询操作','进货单据查询','2019-08-06 16:11:57',1),(5271,'查询操作','进货单据查询','2019-08-06 16:12:02',1),(5272,'查询操作','进货单据查询','2019-08-06 16:12:08',1),(5273,'查询操作','进货单据查询','2019-08-06 16:12:24',1),(5274,'查询操作','进货单据查询','2019-08-06 16:12:37',1),(5275,'查询操作','进货单据查询','2019-08-06 16:12:44',1),(5276,'查询操作','进货单据查询','2019-08-06 16:12:48',1),(5277,'查询操作','进货单据查询','2019-08-06 16:12:51',1),(5278,'查询操作','进货单据查询','2019-08-06 16:13:30',1),(5279,'查询操作','进货单据查询','2019-08-06 16:13:33',1),(5280,'查询操作','进货单据查询','2019-08-06 16:13:53',1),(5281,'查询操作','进货单据查询','2019-08-06 16:13:57',1),(5282,'查询操作','进货单据查询','2019-08-06 16:14:00',1),(5283,'查询操作','进货单据查询','2019-08-06 16:14:06',1),(5284,'查询操作','进货单商品信息查询','2019-08-06 16:14:08',1),(5285,'查询操作','进货单商品信息查询','2019-08-06 16:14:31',1),(5286,'查询操作','进货单商品信息查询','2019-08-06 16:14:34',1),(5287,'查询操作','进货单商品信息查询','2019-08-06 16:14:35',1),(5288,'查询操作','进货单商品信息查询','2019-08-06 16:14:37',1),(5289,'查询操作','进货单商品信息查询','2019-08-06 16:14:37',1),(5290,'查询操作','进货单商品信息查询','2019-08-06 16:14:38',1),(5291,'查询操作','进货单商品信息查询','2019-08-06 16:14:44',1),(5292,'查询操作','进货单商品信息查询','2019-08-06 16:14:44',1),(5293,'查询操作','进货单商品信息查询','2019-08-06 16:18:01',1),(5294,'查询操作','进货单商品信息查询','2019-08-06 16:18:01',1),(5295,'查询操作','进货单商品信息查询','2019-08-06 16:18:02',1),(5296,'查询操作','进货单商品信息查询','2019-08-06 16:18:03',1),(5297,'登录操作','登录系统','2019-08-06 16:22:51',1),(5298,'查询操作','进货单据查询','2019-08-06 16:23:34',1),(5299,'查询操作','进货单据查询','2019-08-06 16:23:34',1),(5300,'查询操作','进货单据查询','2019-08-06 16:24:04',1),(5301,'查询操作','进货单据查询','2019-08-06 16:24:08',1),(5302,'查询操作','进货单商品信息查询','2019-08-06 16:24:13',1),(5303,'查询操作','进货单商品信息查询','2019-08-06 16:24:20',1),(5304,'查询操作','进货单商品信息查询','2019-08-06 16:24:41',1),(5305,'查询操作','进货单商品信息查询','2019-08-06 16:25:09',1),(5306,'查询操作','进货单据查询','2019-08-06 16:26:21',1),(5307,'查询操作','进货单据查询','2019-08-06 16:26:21',1),(5308,'查询操作','进货单商品信息查询','2019-08-06 16:27:01',1),(5309,'查询操作','进货单据查询','2019-08-06 16:27:11',1),(5310,'查询操作','进货单据查询','2019-08-06 16:27:11',1),(5311,'查询操作','进货单商品信息查询','2019-08-06 16:27:15',1),(5312,'删除操作','删除进货单：JH1564882251720','2019-08-06 16:27:25',1),(5313,'登录操作','登录系统','2019-08-06 16:37:27',1),(5314,'查询操作','进货单据查询','2019-08-06 16:37:36',1),(5315,'查询操作','进货单据查询','2019-08-06 16:37:36',1),(5316,'查询操作','进货单商品信息查询','2019-08-06 16:37:41',1),(5317,'删除操作','删除进货单：JH1564882251720','2019-08-06 16:37:57',1),(5318,'查询操作','进货单据查询','2019-08-06 16:37:57',1),(5319,'查询操作','进货单商品信息查询','2019-08-06 16:37:57',1),(5320,'登录操作','登录系统','2019-08-07 08:24:52',1),(5321,'查询操作','进货单据查询','2019-08-07 08:25:02',1),(5322,'查询操作','进货单据查询','2019-08-07 08:25:02',1),(5323,'查询操作','进货单商品信息查询','2019-08-07 08:25:04',1),(5324,'查询操作','退货单据查询','2019-08-07 08:25:10',1),(5325,'查询操作','退货单据查询','2019-08-07 08:25:10',1),(5326,'登录操作','登录系统','2019-08-07 08:26:09',1),(5327,'查询操作','退货单据查询','2019-08-07 08:26:42',1),(5328,'查询操作','退货单据查询','2019-08-07 08:26:42',1),(5329,'查询操作','退货单据查询','2019-08-07 08:27:10',1),(5330,'查询操作','退货单据查询','2019-08-07 08:27:16',1),(5331,'查询操作','退货单据查询','2019-08-07 08:27:25',1),(5332,'查询操作','退货单据查询','2019-08-07 08:27:29',1),(5333,'查询操作','退货单据查询','2019-08-07 08:28:26',1),(5334,'查询操作','退货单据查询','2019-08-07 08:28:27',1),(5335,'查询操作','退货单据查询','2019-08-07 08:28:43',1),(5336,'查询操作','退货单据查询','2019-08-07 08:28:43',1),(5337,'查询操作','退货单据查询','2019-08-07 08:29:06',1),(5338,'查询操作','退货单据查询','2019-08-07 08:29:13',1),(5339,'查询操作','退货单据查询','2019-08-07 08:29:18',1),(5340,'查询操作','退货单据查询','2019-08-07 08:29:32',1),(5341,'登录操作','登录系统','2019-08-07 08:33:43',1),(5342,'查询操作','退货单据查询','2019-08-07 08:33:48',1),(5343,'查询操作','退货单据查询','2019-08-07 08:33:48',1),(5344,'查询操作','退货单据查询','2019-08-07 08:33:53',1),(5345,'查询操作','退货单据查询','2019-08-07 08:33:57',1),(5346,'查询操作','退货单据查询','2019-08-07 08:34:05',1),(5347,'查询操作','退货单据查询','2019-08-07 08:34:10',1),(5348,'查询操作','退货单据查询','2019-08-07 08:34:13',1),(5349,'查询操作','退货单据查询','2019-08-07 08:34:18',1),(5350,'查询操作','退货单据查询','2019-08-07 08:34:21',1),(5351,'查询操作','退货单据查询','2019-08-07 08:34:23',1),(5352,'查询操作','退货单据查询','2019-08-07 08:34:38',1),(5353,'查询操作','退货单据查询','2019-08-07 08:34:49',1),(5354,'查询操作','退货单据查询','2019-08-07 08:34:57',1),(5355,'查询操作','退货单据查询','2019-08-07 08:35:07',1),(5356,'查询操作','退货单商品信息查询','2019-08-07 08:35:12',1),(5357,'查询操作','退货单商品信息查询','2019-08-07 08:35:24',1),(5358,'查询操作','退货单商品信息查询','2019-08-07 08:35:24',1),(5359,'查询操作','退货单商品信息查询','2019-08-07 08:35:50',1),(5360,'查询操作','退货单据查询','2019-08-07 08:36:28',1),(5361,'查询操作','退货单据查询','2019-08-07 08:39:08',1),(5362,'查询操作','退货单据查询','2019-08-07 08:39:12',1),(5363,'查询操作','退货单据查询','2019-08-07 08:39:15',1),(5364,'查询操作','退货单商品信息查询','2019-08-07 08:39:17',1),(5365,'查询操作','退货单据查询','2019-08-07 08:39:28',1),(5366,'查询操作','退货单据查询','2019-08-07 08:39:28',1),(5367,'查询操作','退货单据查询','2019-08-07 08:39:33',1),(5368,'查询操作','退货单商品信息查询','2019-08-07 08:39:41',1),(5369,'删除操作','删除退货单：TH1565077126915','2019-08-07 08:39:47',1),(5370,'查询操作','退货单据查询','2019-08-07 08:39:47',1),(5371,'查询操作','退货单商品信息查询','2019-08-07 08:39:47',1),(5372,'查询操作','查询商品类别信息','2019-08-07 08:43:31',1),(5373,'登录操作','登录系统','2019-08-07 10:16:59',1),(5374,'登录操作','登录系统','2019-08-07 10:20:15',1),(5375,'查询操作','分页查询商品库存信息','2019-08-07 10:20:16',1),(5376,'查询操作','分页查询商品库存信息','2019-08-07 10:20:26',1),(5377,'查询操作','分页查询商品库存信息','2019-08-07 10:24:18',1),(5378,'登录操作','登录系统','2019-08-07 10:24:45',1),(5379,'查询操作','分页查询商品库存信息','2019-08-07 10:24:47',1),(5380,'查询操作','分页查询商品库存信息','2019-08-07 10:25:27',1),(5381,'查询操作','分页查询商品库存信息','2019-08-07 10:26:02',1),(5382,'查询操作','查询商品类别信息','2019-08-07 10:26:08',1),(5383,'查询操作','查询商品类别信息','2019-08-07 10:26:15',1),(5384,'查询操作','分页查询商品库存信息','2019-08-07 10:26:23',1),(5385,'查询操作','查询商品类别信息','2019-08-07 10:26:43',1),(5386,'查询操作','分页查询商品库存信息','2019-08-07 10:26:46',1),(5387,'查询操作','查询商品类别信息','2019-08-07 10:26:51',1),(5388,'查询操作','分页查询商品库存信息','2019-08-07 10:26:54',1),(5389,'查询操作','查询商品类别信息','2019-08-07 10:26:58',1),(5390,'查询操作','分页查询商品库存信息','2019-08-07 10:27:00',1),(5391,'查询操作','查询商品类别信息','2019-08-07 10:27:05',1),(5392,'查询操作','分页查询商品库存信息','2019-08-07 10:27:09',1),(5393,'查询操作','查询商品类别信息','2019-08-07 10:27:10',1),(5394,'查询操作','分页查询商品库存信息','2019-08-07 10:27:13',1),(5395,'查询操作','查询商品类别信息','2019-08-07 10:27:14',1),(5396,'查询操作','分页查询商品库存信息','2019-08-07 10:27:16',1),(5397,'查询操作','查询商品类别信息','2019-08-07 10:27:20',1),(5398,'查询操作','分页查询商品库存信息','2019-08-07 10:27:22',1),(5399,'查询操作','分页查询商品库存信息','2019-08-07 10:27:30',1),(5400,'查询操作','分页查询商品库存信息','2019-08-07 10:27:32',1),(5401,'查询操作','分页查询商品库存信息','2019-08-07 10:27:39',1),(5402,'查询操作','查询商品类别信息','2019-08-07 10:27:42',1),(5403,'查询操作','分页查询商品库存信息','2019-08-07 10:27:43',1),(5404,'查询操作','分页查询商品库存信息','2019-08-07 10:28:00',1),(5405,'查询操作','查询商品类别信息','2019-08-07 10:28:03',1),(5406,'查询操作','分页查询商品库存信息','2019-08-07 10:28:05',1),(5407,'查询操作','分页查询商品库存信息','2019-08-07 10:28:09',1),(5408,'查询操作','分页查询商品库存信息','2019-08-07 10:28:16',1),(5409,'查询操作','查询商品类别信息','2019-08-07 10:28:18',1),(5410,'查询操作','分页查询商品库存信息','2019-08-07 10:28:19',1),(5411,'查询操作','分页查询商品库存信息','2019-08-07 10:29:03',1),(5412,'查询操作','分页查询商品库存信息','2019-08-07 10:31:25',1),(5413,'查询操作','分页查询商品库存信息','2019-08-07 10:31:36',1),(5414,'查询操作','分页查询商品库存信息','2019-08-07 10:31:46',1),(5415,'查询操作','分页查询商品库存信息','2019-08-07 10:31:50',1),(5416,'查询操作','分页查询商品库存信息','2019-08-07 10:31:55',1),(5417,'查询操作','分页查询商品库存信息','2019-08-07 10:31:56',1),(5418,'查询操作','分页查询商品库存信息','2019-08-07 10:35:03',1),(5419,'查询操作','分页查询商品信息','2019-08-07 10:48:30',1),(5420,'查询操作','分页查询商品信息','2019-08-07 10:48:30',1),(5421,'查询操作','分页查询商品信息','2019-08-07 10:48:45',1),(5422,'查询操作','分页查询商品信息','2019-08-07 10:48:45',1),(5423,'查询操作','分页查询商品库存信息','2019-08-07 10:49:12',1),(5424,'查询操作','分页查询商品信息','2019-08-07 10:49:33',1),(5425,'查询操作','分页查询商品信息','2019-08-07 10:49:34',1),(5426,'登录操作','登录系统','2019-08-07 15:25:59',1),(5427,'查询操作','分页查询商品库存信息','2019-08-07 15:26:01',1),(5428,'查询操作','分页查询商品信息','2019-08-07 15:26:08',1),(5429,'查询操作','分页查询商品信息','2019-08-07 15:26:09',1),(5430,'查询操作','查询商品类别信息','2019-08-07 15:35:50',1),(5431,'查询操作','退货单据查询','2019-08-07 15:39:30',1),(5432,'查询操作','退货单据查询','2019-08-07 15:39:30',1),(5433,'查询操作','退货单据查询','2019-08-07 15:39:42',1),(5434,'查询操作','退货单据查询','2019-08-07 15:40:21',1),(5435,'登录操作','登录系统','2019-08-07 17:08:07',1),(5436,'查询操作','分页查询商品库存信息','2019-08-07 17:08:09',1),(5437,'登录操作','登录系统','2019-08-09 16:12:43',1),(5438,'查询操作','分页查询商品库存信息','2019-08-09 16:12:46',1),(5439,'查询操作','分页查询商品库存信息','2019-08-09 16:12:50',1),(5440,'查询操作','退货单据查询','2019-08-09 16:12:53',1),(5441,'查询操作','退货单据查询','2019-08-09 16:12:54',1),(5442,'查询操作','退货单据查询','2019-08-09 16:12:56',1),(5443,'查询操作','退货单据查询','2019-08-09 16:12:59',1),(5444,'查询操作','分页查询商品信息','2019-08-09 16:13:08',1),(5445,'查询操作','分页查询商品信息','2019-08-09 16:13:08',1),(5446,'查询操作','查询商品类别信息','2019-08-09 16:14:08',1),(5447,'查询操作','分页查询商品信息','2019-08-09 16:15:05',1),(5448,'查询操作','分页查询商品信息','2019-08-09 16:15:07',1),(5449,'查询操作','分页查询商品信息','2019-08-09 16:15:28',1),(5450,'查询操作','分页查询商品信息','2019-08-09 16:15:31',1),(5451,'查询操作','分页查询商品信息','2019-08-09 16:15:33',1),(5452,'查询操作','分页查询商品信息','2019-08-09 16:15:34',1),(5453,'查询操作','分页查询商品信息','2019-08-09 16:15:35',1),(5454,'查询操作','分页查询商品信息','2019-08-09 16:15:36',1),(5455,'查询操作','分页查询商品信息','2019-08-09 16:15:37',1),(5456,'查询操作','分页查询商品信息','2019-08-09 16:16:02',1),(5457,'查询操作','分页查询商品信息','2019-08-09 16:16:32',1),(5458,'查询操作','分页查询商品信息','2019-08-09 16:16:32',1),(5459,'查询操作','分页查询商品信息','2019-08-09 16:16:41',1),(5460,'查询操作','分页查询商品信息','2019-08-09 16:16:42',1),(5461,'查询操作','查询商品类别信息','2019-08-09 16:17:04',1),(5462,'查询操作','分页查询商品信息','2019-08-09 16:17:24',1),(5463,'新增操作','新增商品类别:啊啊啊','2019-08-09 16:17:30',1),(5464,'查询操作','查询商品类别信息','2019-08-09 16:17:30',1),(5465,'查询操作','分页查询商品信息','2019-08-09 16:17:32',1),(5466,'新增操作','新增商品类别:啊啊','2019-08-09 16:17:39',1),(5467,'查询操作','查询商品类别信息','2019-08-09 16:17:39',1),(5468,'查询操作','分页查询商品信息','2019-08-09 16:17:41',1),(5469,'删除操作','删除商品类别：啊啊','2019-08-09 16:17:45',1),(5470,'查询操作','查询商品类别信息','2019-08-09 16:17:45',1),(5471,'查询操作','分页查询商品信息','2019-08-09 16:17:52',1),(5472,'删除操作','删除商品类别：啊啊啊','2019-08-09 16:17:56',1),(5473,'查询操作','查询商品类别信息','2019-08-09 16:17:56',1),(5474,'查询操作','分页查询商品信息','2019-08-09 16:18:07',1),(5475,'查询操作','分页查询商品信息','2019-08-09 16:18:07',1),(5476,'查询操作','查询商品类别信息','2019-08-09 16:18:15',1),(5477,'查询操作','查询商品类别信息','2019-08-09 16:18:48',1),(5478,'查询操作','分页查询商品信息','2019-08-09 16:18:52',1),(5479,'查询操作','查询商品类别信息','2019-08-09 16:19:56',1),(5480,'查询操作','查询商品类别信息','2019-08-09 16:20:30',1),(5481,'查询操作','查询商品类别信息','2019-08-09 16:20:51',1),(5482,'查询操作','查询商品类别信息','2019-08-09 16:21:02',1),(5483,'登录操作','登录系统','2019-08-09 16:23:43',1),(5484,'查询操作','分页查询商品库存信息','2019-08-09 16:23:45',1),(5485,'查询操作','分页查询商品信息','2019-08-09 16:23:50',1),(5486,'查询操作','分页查询商品信息','2019-08-09 16:23:50',1),(5487,'查询操作','查询商品类别信息','2019-08-09 16:23:53',1),(5488,'查询操作','分页查询商品信息','2019-08-09 16:23:58',1),(5489,'查询操作','查询商品类别信息','2019-08-09 16:25:39',1),(5490,'查询操作','查询商品类别信息','2019-08-09 16:26:04',1),(5491,'登录操作','登录系统','2019-08-09 16:31:20',1),(5492,'查询操作','分页查询商品库存信息','2019-08-09 16:31:22',1),(5493,'查询操作','分页查询商品信息','2019-08-09 16:31:25',1),(5494,'查询操作','分页查询商品信息','2019-08-09 16:31:25',1),(5495,'查询操作','查询商品类别信息','2019-08-09 16:31:27',1),(5496,'查询操作','分页查询商品信息','2019-08-09 16:31:29',1),(5497,'新增操作','新增销售单：XS1565339485220','2019-08-09 16:32:10',1),(5498,'查询操作','分页查询商品信息','2019-08-09 16:32:13',1),(5499,'查询操作','分页查询商品信息','2019-08-09 16:32:14',1),(5500,'查询操作','分页查询商品信息','2019-08-09 16:34:34',1),(5501,'查询操作','分页查询商品信息','2019-08-09 16:34:35',1),(5502,'登录操作','登录系统','2019-08-10 07:42:39',1),(5503,'查询操作','分页查询商品库存信息','2019-08-10 07:42:42',1),(5504,'查询操作','分页查询商品信息','2019-08-10 07:42:52',1),(5505,'查询操作','分页查询商品信息','2019-08-10 07:42:52',1),(5506,'查询操作','分页查询商品信息','2019-08-10 07:43:05',1),(5507,'查询操作','分页查询商品信息','2019-08-10 07:43:06',1),(5508,'查询操作','查询商品类别信息','2019-08-10 07:43:56',1),(5509,'查询操作','分页查询商品信息','2019-08-10 07:44:03',1),(5510,'查询操作','分页查询商品信息','2019-08-10 07:44:15',1),(5511,'查询操作','分页查询商品信息','2019-08-10 07:44:17',1),(5512,'查询操作','分页查询商品信息','2019-08-10 07:44:19',1),(5513,'查询操作','分页查询商品信息','2019-08-10 07:44:20',1),(5514,'查询操作','分页查询商品信息','2019-08-10 07:44:21',1),(5515,'查询操作','分页查询商品信息','2019-08-10 07:44:29',1),(5516,'查询操作','分页查询商品信息','2019-08-10 07:44:31',1),(5517,'查询操作','分页查询商品信息','2019-08-10 07:44:32',1),(5518,'查询操作','分页查询商品信息','2019-08-10 07:44:33',1),(5519,'查询操作','分页查询商品信息','2019-08-10 07:44:38',1),(5520,'查询操作','分页查询商品信息','2019-08-10 07:44:54',1),(5521,'查询操作','查询商品类别信息','2019-08-10 07:45:29',1),(5522,'查询操作','查询商品类别信息','2019-08-10 07:45:50',1),(5523,'查询操作','查询商品类别信息','2019-08-10 07:46:20',1),(5524,'新增操作','新增客户退货单：null','2019-08-10 07:47:13',1),(5525,'查询操作','分页查询商品信息','2019-08-10 07:47:15',1),(5526,'查询操作','分页查询商品信息','2019-08-10 07:47:15',1),(5527,'登录操作','登录系统','2019-08-10 07:51:10',1),(5528,'查询操作','分页查询商品库存信息','2019-08-10 07:51:12',1),(5529,'查询操作','分页查询商品信息','2019-08-10 07:51:16',1),(5530,'查询操作','分页查询商品信息','2019-08-10 07:51:17',1),(5531,'查询操作','查询商品类别信息','2019-08-10 07:51:18',1),(5532,'查询操作','分页查询商品信息','2019-08-10 07:51:21',1),(5533,'新增操作','新增客户退货单：XT1565394676222','2019-08-10 07:51:42',1),(5534,'查询操作','分页查询商品信息','2019-08-10 07:51:44',1),(5535,'查询操作','分页查询商品信息','2019-08-10 07:51:44',1),(5536,'登录操作','登录系统','2019-08-10 15:09:39',1),(5537,'查询操作','分页查询商品库存信息','2019-08-10 15:09:41',1),(5538,'查询操作','销售单据查询','2019-08-10 15:09:51',1),(5539,'查询操作','销售单据查询','2019-08-10 15:09:51',1),(5540,'查询操作','销售单据查询','2019-08-10 15:10:22',1),(5541,'查询操作','销售单据查询','2019-08-10 15:10:33',1),(5542,'查询操作','销售单据查询','2019-08-10 15:10:47',1),(5543,'查询操作','销售单据查询','2019-08-10 15:10:57',1),(5544,'查询操作','销售单据查询','2019-08-10 15:11:02',1),(5545,'查询操作','销售单据查询','2019-08-10 15:11:15',1),(5546,'查询操作','销售单据查询','2019-08-10 15:11:18',1),(5547,'查询操作','销售单据查询','2019-08-10 15:11:49',1),(5548,'查询操作','销售单据查询','2019-08-10 15:12:11',1),(5549,'查询操作','销售单据查询','2019-08-10 15:12:14',1),(5550,'查询操作','销售单据查询','2019-08-10 15:12:20',1),(5551,'查询操作','销售单据查询','2019-08-10 15:12:31',1),(5552,'查询操作','销售单据查询','2019-08-10 15:12:34',1),(5553,'查询操作','销售单商品信息查询','2019-08-10 15:12:39',1),(5554,'查询操作','销售单据查询','2019-08-10 15:12:48',1),(5555,'查询操作','销售单商品信息查询','2019-08-10 15:12:50',1),(5556,'查询操作','销售单商品信息查询','2019-08-10 15:12:52',1),(5557,'查询操作','销售单商品信息查询','2019-08-10 15:12:53',1),(5558,'查询操作','销售单商品信息查询','2019-08-10 15:12:55',1),(5559,'查询操作','销售单商品信息查询','2019-08-10 15:14:03',1),(5560,'查询操作','销售单商品信息查询','2019-08-10 15:14:04',1),(5561,'删除操作','删除销售单：XS1565339485220','2019-08-10 15:14:13',1),(5562,'登录操作','登录系统','2019-08-10 15:16:40',1),(5563,'查询操作','分页查询商品库存信息','2019-08-10 15:16:42',1),(5564,'查询操作','分页查询商品库存信息','2019-08-10 15:16:50',1),(5565,'查询操作','销售单据查询','2019-08-10 15:16:59',1),(5566,'查询操作','销售单据查询','2019-08-10 15:16:59',1),(5567,'查询操作','销售单据查询','2019-08-10 15:17:07',1),(5568,'查询操作','销售单商品信息查询','2019-08-10 15:17:09',1),(5569,'删除操作','删除销售单：XS1565339485220','2019-08-10 15:17:31',1),(5570,'查询操作','销售单据查询','2019-08-10 15:17:31',1),(5571,'查询操作','销售单商品信息查询','2019-08-10 15:17:31',1),(5572,'查询操作','客户退货单据查询','2019-08-10 15:17:47',1),(5573,'查询操作','客户退货单据查询','2019-08-10 15:17:47',1),(5574,'查询操作','客户退货单据查询','2019-08-10 15:18:00',1),(5575,'查询操作','客户退货单据查询','2019-08-10 15:18:00',1),(5576,'查询操作','销售单据查询','2019-08-10 15:18:57',1),(5577,'查询操作','销售单据查询','2019-08-10 15:18:57',1),(5578,'登录操作','登录系统','2019-08-10 15:28:52',1),(5579,'查询操作','分页查询商品库存信息','2019-08-10 15:28:54',1),(5580,'查询操作','客户退货单据查询','2019-08-10 15:29:01',1),(5581,'查询操作','客户退货单据查询','2019-08-10 15:29:01',1),(5582,'查询操作','客户退货单据查询','2019-08-10 15:29:56',1),(5583,'查询操作','客户退货单据查询','2019-08-10 15:30:04',1),(5584,'查询操作','客户退货单据查询','2019-08-10 15:30:07',1),(5585,'查询操作','客户退货单据查询','2019-08-10 15:30:10',1),(5586,'查询操作','客户退货单据查询','2019-08-10 15:30:19',1),(5587,'查询操作','客户退货单据查询','2019-08-10 15:30:21',1),(5588,'查询操作','客户退货单据查询','2019-08-10 15:30:31',1),(5589,'查询操作','客户退货单据查询','2019-08-10 15:30:33',1),(5590,'查询操作','客户退货单据查询','2019-08-10 15:30:38',1),(5591,'查询操作','客户退货单据查询','2019-08-10 15:30:41',1),(5592,'查询操作','客户退货单商品信息查询','2019-08-10 15:30:48',1),(5593,'查询操作','客户退货单据查询','2019-08-10 15:30:59',1),(5594,'查询操作','客户退货单商品信息查询','2019-08-10 15:31:00',1),(5595,'查询操作','客户退货单商品信息查询','2019-08-10 15:31:04',1),(5596,'查询操作','客户退货单商品信息查询','2019-08-10 15:31:12',1),(5597,'查询操作','客户退货单商品信息查询','2019-08-10 15:31:18',1),(5598,'删除操作','删除客户退货单：XT1565394676222','2019-08-10 15:31:45',1),(5599,'查询操作','客户退货单据查询','2019-08-10 15:31:45',1),(5600,'查询操作','客户退货单商品信息查询','2019-08-10 15:31:45',1),(5601,'查询操作','分页查询商品库存信息','2019-08-10 15:31:56',1),(5602,'登录操作','登录系统','2019-08-10 15:48:18',1),(5603,'查询操作','分页查询商品库存信息','2019-08-10 15:48:19',1),(5604,'查询操作','分页查询商品库存信息','2019-08-10 15:53:54',1),(5605,'查询操作','分页查询商品信息','2019-08-10 15:53:56',1),(5606,'查询操作','分页查询商品信息','2019-08-10 15:53:56',1),(5607,'查询操作','查询商品类别信息','2019-08-10 15:54:06',1),(5608,'查询操作','分页查询商品信息','2019-08-10 15:54:18',1),(5609,'查询操作','分页查询商品信息','2019-08-10 15:54:18',1),(5610,'查询操作','分页查询商品信息','2019-08-10 15:55:29',1),(5611,'查询操作','分页查询商品信息','2019-08-10 15:55:29',1),(5612,'查询操作','查询商品类别信息','2019-08-10 16:01:38',1),(5613,'登录操作','登录系统','2019-08-11 09:42:50',1),(5614,'查询操作','分页查询商品库存信息','2019-08-11 09:42:54',1),(5615,'查询操作','分页查询商品库存信息','2019-08-11 09:43:02',1),(5616,'查询操作','客户退货单据查询','2019-08-11 09:43:04',1),(5617,'查询操作','客户退货单据查询','2019-08-11 09:43:05',1),(5618,'查询操作','分页查询商品信息','2019-08-11 09:43:14',1),(5619,'查询操作','分页查询商品信息','2019-08-11 09:43:15',1),(5620,'查询操作','分页查询商品信息','2019-08-11 09:43:31',1),(5621,'查询操作','分页查询商品信息','2019-08-11 09:43:31',1),(5622,'查询操作','查询商品类别信息','2019-08-11 09:44:19',1),(5623,'登录操作','登录系统','2019-08-11 10:03:24',1),(5624,'查询操作','分页查询商品库存信息','2019-08-11 10:03:27',1),(5625,'查询操作','分页查询商品信息','2019-08-11 10:03:31',1),(5626,'查询操作','分页查询商品信息','2019-08-11 10:03:31',1),(5627,'查询操作','查询商品类别信息','2019-08-11 10:04:19',1),(5628,'查询操作','分页查询商品信息','2019-08-11 10:04:25',1),(5629,'查询操作','分页查询商品信息','2019-08-11 10:04:31',1),(5630,'查询操作','分页查询商品信息','2019-08-11 10:04:32',1),(5631,'查询操作','分页查询商品信息','2019-08-11 10:04:33',1),(5632,'查询操作','分页查询商品信息','2019-08-11 10:04:35',1),(5633,'查询操作','分页查询商品信息','2019-08-11 10:04:36',1),(5634,'查询操作','分页查询商品信息','2019-08-11 10:04:45',1),(5635,'查询操作','分页查询商品信息','2019-08-11 10:04:53',1),(5636,'查询操作','分页查询商品信息','2019-08-11 10:04:56',1),(5637,'查询操作','分页查询商品信息','2019-08-11 10:05:48',1),(5638,'查询操作','分页查询商品信息','2019-08-11 10:05:48',1),(5639,'查询操作','查询商品类别信息','2019-08-11 10:05:50',1),(5640,'查询操作','分页查询商品信息','2019-08-11 10:06:06',1),(5641,'新增操作','新增商品类别:啊啊','2019-08-11 10:06:10',1),(5642,'查询操作','查询商品类别信息','2019-08-11 10:06:10',1),(5643,'查询操作','分页查询商品信息','2019-08-11 10:06:12',1),(5644,'新增操作','新增商品类别:啊','2019-08-11 10:06:18',1),(5645,'查询操作','查询商品类别信息','2019-08-11 10:06:18',1),(5646,'查询操作','分页查询商品信息','2019-08-11 10:06:27',1),(5647,'删除操作','删除商品类别：啊','2019-08-11 10:06:28',1),(5648,'查询操作','查询商品类别信息','2019-08-11 10:06:28',1),(5649,'查询操作','分页查询商品信息','2019-08-11 10:06:31',1),(5650,'删除操作','删除商品类别：啊啊','2019-08-11 10:06:32',1),(5651,'查询操作','查询商品类别信息','2019-08-11 10:06:33',1),(5652,'查询操作','分页查询商品信息','2019-08-11 10:06:45',1),(5653,'查询操作','查询商品类别信息','2019-08-11 10:07:15',1),(5654,'查询操作','查询商品类别信息','2019-08-11 10:07:33',1),(5655,'查询操作','查询商品类别信息','2019-08-11 10:07:41',1),(5656,'查询操作','查询商品类别信息','2019-08-11 10:08:00',1),(5657,'新增操作','新增商品报损单：BS1565489147613','2019-08-11 10:09:31',1),(5658,'查询操作','分页查询商品信息','2019-08-11 10:09:34',1),(5659,'查询操作','分页查询商品信息','2019-08-11 10:09:34',1),(5660,'查询操作','分页查询商品信息','2019-08-11 10:17:03',1),(5661,'查询操作','分页查询商品信息','2019-08-11 10:17:03',1),(5662,'查询操作','查询商品类别信息','2019-08-11 10:17:04',1),(5663,'登录操作','登录系统','2019-08-11 10:38:39',1),(5664,'查询操作','分页查询商品库存信息','2019-08-11 10:38:40',1),(5665,'查询操作','分页查询商品信息','2019-08-11 10:38:50',1),(5666,'查询操作','分页查询商品信息','2019-08-11 10:38:50',1),(5667,'查询操作','查询商品类别信息','2019-08-11 10:39:45',1),(5668,'查询操作','分页查询商品信息','2019-08-11 10:39:52',1),(5669,'查询操作','分页查询商品信息','2019-08-11 10:39:56',1),(5670,'查询操作','分页查询商品信息','2019-08-11 10:39:57',1),(5671,'查询操作','分页查询商品信息','2019-08-11 10:39:58',1),(5672,'查询操作','分页查询商品信息','2019-08-11 10:39:59',1),(5673,'查询操作','分页查询商品信息','2019-08-11 10:40:00',1),(5674,'查询操作','分页查询商品信息','2019-08-11 10:40:03',1),(5675,'查询操作','分页查询商品信息','2019-08-11 10:40:07',1),(5676,'查询操作','分页查询商品信息','2019-08-11 10:40:07',1),(5677,'查询操作','查询商品类别信息','2019-08-11 10:40:29',1),(5678,'查询操作','分页查询商品信息','2019-08-11 10:40:41',1),(5679,'新增操作','新增商品类别:啊啊','2019-08-11 10:40:45',1),(5680,'查询操作','查询商品类别信息','2019-08-11 10:40:45',1),(5681,'查询操作','分页查询商品信息','2019-08-11 10:40:47',1),(5682,'新增操作','新增商品类别:啊','2019-08-11 10:40:53',1),(5683,'查询操作','查询商品类别信息','2019-08-11 10:40:53',1),(5684,'查询操作','分页查询商品信息','2019-08-11 10:40:55',1),(5685,'删除操作','删除商品类别：啊','2019-08-11 10:40:58',1),(5686,'查询操作','查询商品类别信息','2019-08-11 10:40:59',1),(5687,'查询操作','分页查询商品信息','2019-08-11 10:41:03',1),(5688,'删除操作','删除商品类别：啊啊','2019-08-11 10:41:05',1),(5689,'查询操作','查询商品类别信息','2019-08-11 10:41:05',1),(5690,'查询操作','分页查询商品信息','2019-08-11 10:41:09',1),(5691,'查询操作','查询商品类别信息','2019-08-11 10:41:28',1),(5692,'查询操作','查询商品类别信息','2019-08-11 10:41:47',1),(5693,'新增操作','新增商品报溢单：BY1565491207302','2019-08-11 11:09:34',1),(5694,'查询操作','分页查询商品信息','2019-08-11 11:09:36',1),(5695,'查询操作','分页查询商品信息','2019-08-11 11:09:36',1),(5696,'查询操作','分页查询商品信息','2019-08-11 11:10:47',1),(5697,'查询操作','分页查询商品信息','2019-08-11 11:10:47',1),(5698,'查询操作','分页查询商品库存信息','2019-08-11 11:16:24',1),(5699,'登录操作','登录系统','2019-08-12 08:28:33',1),(5700,'查询操作','分页查询商品库存信息','2019-08-12 08:28:36',1),(5701,'查询操作','分页查询商品信息','2019-08-12 08:29:04',1),(5702,'查询操作','分页查询商品信息','2019-08-12 08:29:05',1),(5703,'查询操作','分页查询商品信息','2019-08-12 08:29:10',1),(5704,'查询操作','分页查询商品信息','2019-08-12 08:29:10',1),(5705,'查询操作','查询商品类别信息','2019-08-12 08:29:12',1),(5706,'查询操作','查询库存报警商品信息','2019-08-12 08:29:20',1),(5707,'查询操作','分页查询商品库存信息','2019-08-12 08:30:59',1),(5708,'登录操作','登录系统','2019-08-12 08:33:40',1),(5709,'查询操作','分页查询商品库存信息','2019-08-12 08:33:41',1),(5710,'查询操作','商品报损单据查询','2019-08-12 08:33:46',1),(5711,'登录操作','登录系统','2019-08-12 08:41:41',1),(5712,'查询操作','分页查询商品库存信息','2019-08-12 08:41:43',1),(5713,'查询操作','商品报损单据查询','2019-08-12 08:41:48',1),(5714,'查询操作','商品报损单据查询','2019-08-12 08:42:07',1),(5715,'查询操作','商品报损单据查询','2019-08-12 08:42:21',1),(5716,'查询操作','商品报溢单据查询','2019-08-12 08:42:39',1),(5717,'查询操作','商品报损单据查询','2019-08-12 08:42:51',1),(5718,'查询操作','商品报损单商品信息查询','2019-08-12 08:43:50',1),(5719,'查询操作','商品报损单商品信息查询','2019-08-12 08:44:10',1),(5720,'查询操作','商品报溢单据查询','2019-08-12 08:44:19',1),(5721,'查询操作','商品报溢单商品信息查询','2019-08-12 08:44:20',1),(5722,'查询操作','商品报溢单商品信息查询','2019-08-12 08:44:24',1),(5723,'查询操作','分页查询商品库存信息','2019-08-12 08:45:50',1),(5724,'查询操作','商品报损单据查询','2019-08-12 08:46:00',1),(5725,'查询操作','商品报损单商品信息查询','2019-08-12 08:46:02',1),(5726,'查询操作','进货单据查询','2019-08-12 08:54:46',1),(5727,'查询操作','退货单据查询','2019-08-12 08:54:46',1),(5728,'查询操作','客户退货单据查询','2019-08-12 08:55:04',1),(5729,'查询操作','销售单据查询','2019-08-12 08:55:04',1),(5730,'查询操作','客户退货单据查询','2019-08-12 08:55:11',1),(5731,'查询操作','销售单据查询','2019-08-12 08:55:11',1),(5732,'查询操作','进货单据查询','2019-08-12 08:55:35',1),(5733,'查询操作','退货单据查询','2019-08-12 08:55:35',1),(5734,'查询操作','销售单据查询','2019-08-12 09:08:56',1),(5735,'查询操作','客户退货单据查询','2019-08-12 09:08:56',1),(5736,'登录操作','登录系统','2019-08-12 10:00:03',1),(5737,'查询操作','分页查询商品库存信息','2019-08-12 10:00:05',1),(5738,'查询操作','退货单据查询','2019-08-12 10:00:12',1),(5739,'查询操作','进货单据查询','2019-08-12 10:00:12',1),(5740,'登录操作','登录系统','2019-08-12 10:01:28',1),(5741,'查询操作','分页查询商品库存信息','2019-08-12 10:01:30',1),(5742,'查询操作','进货单据查询','2019-08-12 10:01:37',1),(5743,'查询操作','退货单据查询','2019-08-12 10:01:37',1),(5744,'查询操作','进货单据查询','2019-08-12 10:02:09',1),(5745,'查询操作','退货单据查询','2019-08-12 10:02:09',1),(5746,'查询操作','退货单据查询','2019-08-12 10:03:02',1),(5747,'查询操作','进货单据查询','2019-08-12 10:03:02',1),(5748,'查询操作','进货单据查询','2019-08-12 10:03:07',1),(5749,'查询操作','退货单据查询','2019-08-12 10:03:07',1),(5750,'查询操作','进货单据查询','2019-08-12 10:03:16',1),(5751,'查询操作','退货单据查询','2019-08-12 10:03:16',1),(5752,'查询操作','进货单据查询','2019-08-12 10:03:20',1),(5753,'查询操作','退货单据查询','2019-08-12 10:03:20',1),(5754,'查询操作','退货单据查询','2019-08-12 10:04:42',1),(5755,'查询操作','进货单据查询','2019-08-12 10:04:42',1),(5756,'查询操作','退货单据查询','2019-08-12 10:05:12',1),(5757,'查询操作','进货单据查询','2019-08-12 10:05:12',1),(5758,'查询操作','进货单据查询','2019-08-12 10:05:22',1),(5759,'查询操作','退货单据查询','2019-08-12 10:05:22',1),(5760,'查询操作','退货单据查询','2019-08-12 10:05:27',1),(5761,'查询操作','进货单据查询','2019-08-12 10:05:27',1),(5762,'查询操作','进货单商品信息查询','2019-08-12 10:05:40',1),(5763,'查询操作','进货单商品信息查询','2019-08-12 10:06:06',1),(5764,'查询操作','退货单商品信息查询','2019-08-12 10:06:10',1),(5765,'查询操作','进货单商品信息查询','2019-08-12 10:06:37',1),(5766,'查询操作','进货单商品信息查询','2019-08-12 10:07:07',1),(5767,'查询操作','退货单商品信息查询','2019-08-12 10:07:10',1),(5768,'删除操作','支付结算退货单：TH1549940820089','2019-08-12 10:07:19',1),(5769,'查询操作','退货单据查询','2019-08-12 10:07:19',1),(5770,'查询操作','进货单据查询','2019-08-12 10:07:19',1),(5771,'查询操作','进货单据查询','2019-08-12 10:07:37',1),(5772,'查询操作','退货单据查询','2019-08-12 10:07:37',1),(5773,'查询操作','退货单据查询','2019-08-12 10:07:51',1),(5774,'查询操作','进货单据查询','2019-08-12 10:07:51',1),(5775,'查询操作','进货单据查询','2019-08-12 10:08:19',1),(5776,'查询操作','退货单据查询','2019-08-12 10:08:19',1),(5777,'查询操作','进货单商品信息查询','2019-08-12 10:08:22',1),(5778,'查询操作','进货单商品信息查询','2019-08-12 10:08:33',1),(5779,'删除操作','支付结算进货单：JH1564882213808','2019-08-12 10:08:38',1),(5780,'查询操作','进货单据查询','2019-08-12 10:08:38',1),(5781,'查询操作','退货单据查询','2019-08-12 10:08:38',1),(5782,'登录操作','登录系统','2019-08-12 10:39:32',1),(5783,'查询操作','分页查询商品库存信息','2019-08-12 10:39:34',1),(5784,'查询操作','销售单据查询','2019-08-12 10:39:41',1),(5785,'查询操作','客户退货单据查询','2019-08-12 10:39:41',1),(5786,'查询操作','销售单据查询','2019-08-12 10:40:59',1),(5787,'查询操作','客户退货单据查询','2019-08-12 10:40:59',1),(5788,'查询操作','销售单据查询','2019-08-12 10:41:45',1),(5789,'查询操作','客户退货单据查询','2019-08-12 10:41:45',1),(5790,'查询操作','客户退货单据查询','2019-08-12 10:41:49',1),(5791,'查询操作','销售单据查询','2019-08-12 10:41:49',1),(5792,'查询操作','销售单据查询','2019-08-12 10:41:52',1),(5793,'查询操作','客户退货单据查询','2019-08-12 10:41:52',1),(5794,'查询操作','销售单据查询','2019-08-12 10:42:07',1),(5795,'查询操作','客户退货单据查询','2019-08-12 10:42:07',1),(5796,'查询操作','客户退货单据查询','2019-08-12 10:42:30',1),(5797,'查询操作','销售单据查询','2019-08-12 10:42:30',1),(5798,'查询操作','销售单据查询','2019-08-12 10:42:33',1),(5799,'查询操作','客户退货单据查询','2019-08-12 10:42:33',1),(5800,'查询操作','客户退货单据查询','2019-08-12 10:42:42',1),(5801,'查询操作','销售单据查询','2019-08-12 10:42:42',1),(5802,'查询操作','客户退货单据查询','2019-08-12 10:42:44',1),(5803,'查询操作','销售单据查询','2019-08-12 10:42:44',1),(5804,'查询操作','销售单据查询','2019-08-12 10:42:46',1),(5805,'查询操作','客户退货单据查询','2019-08-12 10:42:46',1),(5806,'查询操作','销售单商品信息查询','2019-08-12 10:43:14',1),(5807,'查询操作','销售单商品信息查询','2019-08-12 10:43:18',1),(5808,'查询操作','销售单商品信息查询','2019-08-12 10:43:22',1),(5809,'查询操作','客户退货单商品信息查询','2019-08-12 10:43:22',1),(5810,'查询操作','客户退货单商品信息查询','2019-08-12 10:45:19',1),(5811,'查询操作','销售单商品信息查询','2019-08-12 10:45:25',1),(5812,'查询操作','客户退货单商品信息查询','2019-08-12 10:45:39',1),(5813,'登录操作','登录系统','2019-08-12 10:46:20',1),(5814,'查询操作','分页查询商品库存信息','2019-08-12 10:46:21',1),(5815,'查询操作','销售单据查询','2019-08-12 10:46:28',1),(5816,'查询操作','客户退货单据查询','2019-08-12 10:46:28',1),(5817,'查询操作','客户退货单据查询','2019-08-12 10:46:33',1),(5818,'查询操作','销售单据查询','2019-08-12 10:46:33',1),(5819,'查询操作','客户退货单商品信息查询','2019-08-12 10:46:34',1),(5820,'查询操作','销售单商品信息查询','2019-08-12 10:46:36',1),(5821,'查询操作','客户退货单商品信息查询','2019-08-12 10:46:44',1),(5822,'登录操作','登录系统','2019-08-12 10:49:55',1),(5823,'查询操作','分页查询商品库存信息','2019-08-12 10:49:56',1),(5824,'查询操作','销售单据查询','2019-08-12 10:50:02',1),(5825,'查询操作','客户退货单据查询','2019-08-12 10:50:02',1),(5826,'查询操作','客户退货单据查询','2019-08-12 10:50:06',1),(5827,'查询操作','销售单据查询','2019-08-12 10:50:06',1),(5828,'查询操作','客户退货单商品信息查询','2019-08-12 10:50:07',1),(5829,'查询操作','销售单商品信息查询','2019-08-12 10:50:09',1),(5830,'查询操作','销售单商品信息查询','2019-08-12 10:50:10',1),(5831,'查询操作','销售单商品信息查询','2019-08-12 10:50:10',1),(5832,'查询操作','销售单据查询','2019-08-12 10:50:41',1),(5833,'查询操作','客户退货单据查询','2019-08-12 10:50:41',1),(5834,'查询操作','销售单商品信息查询','2019-08-12 10:50:45',1),(5835,'查询操作','销售单商品信息查询','2019-08-12 10:50:49',1),(5836,'查询操作','客户退货单商品信息查询','2019-08-12 10:50:52',1),(5837,'删除操作','支付结算客户退货单：XT1550220103291','2019-08-12 10:50:56',1),(5838,'查询操作','销售单据查询','2019-08-12 10:50:56',1),(5839,'查询操作','客户退货单据查询','2019-08-12 10:50:56',1),(5840,'查询操作','销售单商品信息查询','2019-08-12 10:51:08',1),(5841,'删除操作','支付结算销售单：XS1551232158294','2019-08-12 10:51:11',1),(5842,'查询操作','客户退货单据查询','2019-08-12 10:51:11',1),(5843,'查询操作','销售单据查询','2019-08-12 10:51:11',1),(5844,'查询操作','客户退货单商品信息查询','2019-08-12 10:51:31',1),(5845,'查询操作','销售单商品信息查询','2019-08-12 10:51:34',1),(5846,'登录操作','登录系统','2019-08-13 16:52:23',1),(5847,'查询操作','分页查询商品库存信息','2019-08-13 16:52:26',1),(5848,'查询操作','退货商品统计查询','2019-08-13 16:52:33',1),(5849,'查询操作','进货商品统计查询','2019-08-13 16:52:33',1),(5850,'查询操作','客户退货单据查询','2019-08-13 16:52:35',1),(5851,'查询操作','销售单据查询','2019-08-13 16:52:35',1),(5852,'查询操作','退货商品统计查询','2019-08-13 16:52:56',1),(5853,'查询操作','进货商品统计查询','2019-08-13 16:52:56',1),(5854,'查询操作','退货商品统计查询','2019-08-13 16:54:58',1),(5855,'查询操作','进货商品统计查询','2019-08-13 16:54:58',1),(5856,'查询操作','退货商品统计查询','2019-08-13 16:55:05',1),(5857,'查询操作','进货商品统计查询','2019-08-13 16:55:05',1),(5858,'查询操作','退货商品统计查询','2019-08-13 16:55:15',1),(5859,'查询操作','进货商品统计查询','2019-08-13 16:55:15',1),(5860,'查询操作','查询商品类别信息','2019-08-13 16:55:24',1),(5861,'查询操作','查询商品类别信息','2019-08-13 16:55:32',1),(5862,'查询操作','查询商品类别信息','2019-08-13 16:55:38',1),(5863,'查询操作','查询商品类别信息','2019-08-13 16:55:41',1),(5864,'查询操作','查询商品类别信息','2019-08-13 16:55:46',1),(5865,'查询操作','查询商品类别信息','2019-08-13 16:55:49',1),(5866,'查询操作','进货商品统计查询','2019-08-13 16:55:54',1),(5867,'查询操作','退货商品统计查询','2019-08-13 16:55:54',1),(5868,'查询操作','查询商品类别信息','2019-08-13 16:56:04',1),(5869,'查询操作','退货商品统计查询','2019-08-13 16:56:09',1),(5870,'查询操作','进货商品统计查询','2019-08-13 16:56:09',1),(5871,'查询操作','查询商品类别信息','2019-08-13 16:56:16',1),(5872,'查询操作','退货商品统计查询','2019-08-13 16:56:22',1),(5873,'查询操作','进货商品统计查询','2019-08-13 16:56:22',1),(5874,'查询操作','查询商品类别信息','2019-08-13 16:56:22',1),(5875,'查询操作','退货商品统计查询','2019-08-13 16:56:25',1),(5876,'查询操作','进货商品统计查询','2019-08-13 16:56:25',1),(5877,'查询操作','查询商品类别信息','2019-08-13 16:56:37',1),(5878,'查询操作','查询商品类别信息','2019-08-13 16:56:40',1),(5879,'查询操作','查询商品类别信息','2019-08-13 16:56:46',1),(5880,'查询操作','查询商品类别信息','2019-08-13 16:56:51',1),(5881,'查询操作','进货商品统计查询','2019-08-13 16:57:00',1),(5882,'查询操作','退货商品统计查询','2019-08-13 16:57:00',1),(5883,'查询操作','退货商品统计查询','2019-08-13 16:57:13',1),(5884,'查询操作','进货商品统计查询','2019-08-13 16:57:13',1),(5885,'查询操作','进货商品统计查询','2019-08-13 16:58:05',1),(5886,'查询操作','退货商品统计查询','2019-08-13 16:58:05',1),(5887,'查询操作','退货商品统计查询','2019-08-13 16:58:18',1),(5888,'查询操作','进货商品统计查询','2019-08-13 16:58:18',1),(5889,'查询操作','退货商品统计查询','2019-08-13 16:58:22',1),(5890,'查询操作','进货商品统计查询','2019-08-13 16:58:22',1),(5891,'查询操作','退货商品统计查询','2019-08-13 16:58:32',1),(5892,'查询操作','进货商品统计查询','2019-08-13 16:58:32',1),(5893,'查询操作','查询商品类别信息','2019-08-13 16:58:34',1),(5894,'查询操作','退货商品统计查询','2019-08-13 16:58:37',1),(5895,'查询操作','进货商品统计查询','2019-08-13 16:58:37',1),(5896,'查询操作','查询商品类别信息','2019-08-13 16:58:38',1),(5897,'查询操作','进货商品统计查询','2019-08-13 16:58:41',1),(5898,'查询操作','退货商品统计查询','2019-08-13 16:58:41',1),(5899,'查询操作','查询商品类别信息','2019-08-13 16:58:42',1),(5900,'查询操作','退货商品统计查询','2019-08-13 16:58:46',1),(5901,'查询操作','进货商品统计查询','2019-08-13 16:58:46',1),(5902,'查询操作','查询商品类别信息','2019-08-13 16:58:47',1),(5903,'查询操作','进货商品统计查询','2019-08-13 16:58:49',1),(5904,'查询操作','退货商品统计查询','2019-08-13 16:58:49',1),(5905,'查询操作','客户退货商品统计查询','2019-08-13 17:00:28',1),(5906,'查询操作','销售商品统计查询','2019-08-13 17:00:28',1),(5907,'登录操作','登录系统','2019-08-13 17:07:48',1),(5908,'查询操作','分页查询商品库存信息','2019-08-13 17:07:49',1),(5909,'查询操作','销售商品统计查询','2019-08-13 17:08:02',1),(5910,'查询操作','客户退货商品统计查询','2019-08-13 17:08:02',1),(5911,'查询操作','退货商品统计查询','2019-08-13 17:08:24',1),(5912,'查询操作','进货商品统计查询','2019-08-13 17:08:24',1),(5913,'登录操作','登录系统','2019-08-13 17:19:11',1),(5914,'查询操作','分页查询商品库存信息','2019-08-13 17:19:13',1),(5915,'查询操作','客户退货商品统计查询','2019-08-13 17:20:52',1),(5916,'查询操作','销售商品统计查询','2019-08-13 17:20:52',1),(5917,'查询操作','客户退货商品统计查询','2019-08-13 17:21:00',1),(5918,'登录操作','登录系统','2019-08-13 17:30:20',1),(5919,'查询操作','分页查询商品库存信息','2019-08-13 17:30:22',1),(5920,'查询操作','客户退货商品统计查询','2019-08-13 17:30:29',1),(5921,'查询操作','销售商品统计查询','2019-08-13 17:30:29',1),(5922,'查询操作','客户退货商品统计查询','2019-08-13 17:30:43',1),(5923,'查询操作','销售商品统计查询','2019-08-13 17:30:43',1),(5924,'查询操作','销售商品统计查询','2019-08-13 17:31:20',1),(5925,'查询操作','客户退货商品统计查询','2019-08-13 17:31:20',1),(5926,'查询操作','查询商品类别信息','2019-08-13 17:31:25',1),(5927,'查询操作','查询商品类别信息','2019-08-13 17:31:29',1),(5928,'查询操作','查询商品类别信息','2019-08-13 17:31:32',1),(5929,'查询操作','客户退货商品统计查询','2019-08-13 17:31:37',1),(5930,'查询操作','销售商品统计查询','2019-08-13 17:31:37',1),(5931,'查询操作','查询商品类别信息','2019-08-13 17:31:38',1),(5932,'查询操作','客户退货商品统计查询','2019-08-13 17:31:42',1),(5933,'查询操作','销售商品统计查询','2019-08-13 17:31:42',1),(5934,'查询操作','查询商品类别信息','2019-08-13 17:31:44',1),(5935,'查询操作','客户退货商品统计查询','2019-08-13 17:31:47',1),(5936,'查询操作','销售商品统计查询','2019-08-13 17:31:47',1),(5937,'查询操作','查询商品类别信息','2019-08-13 17:31:48',1),(5938,'查询操作','客户退货商品统计查询','2019-08-13 17:31:50',1),(5939,'查询操作','销售商品统计查询','2019-08-13 17:31:50',1),(5940,'查询操作','查询商品类别信息','2019-08-13 17:31:52',1),(5941,'查询操作','客户退货商品统计查询','2019-08-13 17:31:57',1),(5942,'查询操作','销售商品统计查询','2019-08-13 17:31:57',1),(5943,'查询操作','查询商品类别信息','2019-08-13 17:31:59',1),(5944,'查询操作','客户退货商品统计查询','2019-08-13 17:32:05',1),(5945,'查询操作','销售商品统计查询','2019-08-13 17:32:05',1),(5946,'查询操作','客户退货商品统计查询','2019-08-13 17:32:30',1),(5947,'查询操作','销售商品统计查询','2019-08-13 17:32:30',1),(5948,'查询操作','查询商品类别信息','2019-08-13 17:32:34',1),(5949,'查询操作','客户退货商品统计查询','2019-08-13 17:32:41',1),(5950,'查询操作','销售商品统计查询','2019-08-13 17:32:41',1),(5951,'查询操作','查询商品类别信息','2019-08-13 17:32:42',1),(5952,'查询操作','客户退货商品统计查询','2019-08-13 17:32:44',1),(5953,'查询操作','销售商品统计查询','2019-08-13 17:32:44',1),(5954,'登录操作','登录系统','2019-08-15 08:29:17',1),(5955,'查询操作','分页查询商品库存信息','2019-08-15 08:29:18',1),(5956,'查询操作','销售商品统计查询','2019-08-15 08:29:30',1),(5957,'查询操作','客户退货商品统计查询','2019-08-15 08:29:30',1),(5958,'查询操作','查询商品类别信息','2019-08-15 08:29:32',1),(5959,'查询操作','查询商品类别信息','2019-08-15 08:29:34',1),(5960,'查询操作','客户退货商品统计查询','2019-08-15 08:29:40',1),(5961,'查询操作','销售商品统计查询','2019-08-15 08:29:40',1),(5962,'查询操作','客户退货商品统计查询','2019-08-15 08:29:43',1),(5963,'查询操作','销售商品统计查询','2019-08-15 08:29:43',1),(5964,'查询操作','查询按日统计分析数据','2019-08-15 08:29:48',1),(5965,'查询操作','查询按日统计分析数据','2019-08-15 08:30:45',1),(5966,'查询操作','查询按日统计分析数据','2019-08-15 08:31:53',1),(5967,'查询操作','查询按日统计分析数据','2019-08-15 08:32:28',1),(5968,'查询操作','查询按日统计分析数据','2019-08-15 08:32:44',1),(5969,'查询操作','查询按日统计分析数据','2019-08-15 08:33:15',1),(5970,'查询操作','查询按日统计分析数据','2019-08-15 08:37:12',1),(5971,'查询操作','查询按日统计分析数据','2019-08-15 08:37:24',1),(5972,'查询操作','查询按日统计分析数据','2019-08-15 08:37:42',1),(5973,'查询操作','查询按月统计分析数据','2019-08-15 08:38:15',1),(5974,'查询操作','查询按月统计分析数据','2019-08-15 08:40:22',1),(5975,'查询操作','查询按日统计分析数据','2019-08-15 08:41:15',1),(5976,'查询操作','查询按日统计分析数据','2019-08-15 08:41:26',1),(5977,'登录操作','登录系统','2019-08-15 08:46:51',1),(5978,'查询操作','分页查询商品库存信息','2019-08-15 08:46:54',1),(5979,'查询操作','查询按日统计分析数据','2019-08-15 08:47:00',1),(5980,'查询操作','查询按日统计分析数据','2019-08-15 08:47:21',1),(5981,'查询操作','分页查询商品库存信息','2019-08-15 08:50:06',1),(5982,'登录操作','登录系统','2019-08-15 08:50:22',1),(5983,'查询操作','分页查询商品库存信息','2019-08-15 08:50:23',1),(5984,'查询操作','查询按日统计分析数据','2019-08-15 08:50:32',1),(5985,'查询操作','查询按日统计分析数据','2019-08-15 08:51:56',1),(5986,'登录操作','登录系统','2019-08-15 08:53:58',1),(5987,'查询操作','分页查询商品库存信息','2019-08-15 08:53:59',1),(5988,'查询操作','查询按日统计分析数据','2019-08-15 08:54:02',1),(5989,'查询操作','分页查询商品库存信息','2019-08-15 09:00:24',1),(5990,'查询操作','查询按日统计分析数据','2019-08-15 09:00:28',1),(5991,'查询操作','查询按日统计分析数据','2019-08-15 09:00:54',1),(5992,'登录操作','登录系统','2019-08-15 09:01:15',1),(5993,'查询操作','分页查询商品库存信息','2019-08-15 09:01:17',1),(5994,'查询操作','查询按日统计分析数据','2019-08-15 09:01:19',1),(5995,'查询操作','分页查询商品库存信息','2019-08-15 09:14:44',1),(5996,'查询操作','查询按日统计分析数据','2019-08-15 09:14:51',1),(5997,'查询操作','查询按日统计分析数据','2019-08-15 09:15:23',1),(5998,'查询操作','查询按日统计分析数据','2019-08-15 09:26:03',1),(5999,'查询操作','查询按日统计分析数据','2019-08-15 09:26:16',1),(6000,'查询操作','查询按日统计分析数据','2019-08-15 09:28:57',1),(6001,'查询操作','查询按日统计分析数据','2019-08-15 09:29:09',1),(6002,'查询操作','查询按日统计分析数据','2019-08-15 09:30:18',1),(6003,'查询操作','查询按日统计分析数据','2019-08-15 09:30:33',1),(6004,'查询操作','查询按日统计分析数据','2019-08-15 09:30:39',1),(6005,'查询操作','查询按日统计分析数据','2019-08-15 09:30:53',1),(6006,'查询操作','查询按日统计分析数据','2019-08-15 09:31:29',1),(6007,'查询操作','查询按日统计分析数据','2019-08-15 09:33:27',1),(6008,'查询操作','查询按日统计分析数据','2019-08-15 09:33:34',1),(6009,'查询操作','查询按日统计分析数据','2019-08-15 09:34:31',1),(6010,'查询操作','查询按日统计分析数据','2019-08-15 09:34:42',1),(6011,'查询操作','查询按日统计分析数据','2019-08-15 09:34:51',1),(6012,'查询操作','查询按日统计分析数据','2019-08-15 09:35:38',1),(6013,'查询操作','查询按日统计分析数据','2019-08-15 09:36:12',1),(6014,'查询操作','查询按日统计分析数据','2019-08-15 09:40:35',1),(6015,'查询操作','查询按日统计分析数据','2019-08-15 09:40:53',1),(6016,'查询操作','查询按日统计分析数据','2019-08-15 09:40:59',1),(6017,'查询操作','查询按日统计分析数据','2019-08-15 09:41:12',1),(6018,'查询操作','查询按日统计分析数据','2019-08-15 09:42:22',1),(6019,'查询操作','查询按日统计分析数据','2019-08-15 09:42:36',1),(6020,'查询操作','查询按日统计分析数据','2019-08-15 09:43:21',1),(6021,'查询操作','分页查询商品库存信息','2019-08-15 09:50:08',1),(6022,'查询操作','查询按日统计分析数据','2019-08-15 09:50:13',1),(6023,'查询操作','查询按日统计分析数据','2019-08-15 09:51:16',1),(6024,'查询操作','查询按日统计分析数据','2019-08-15 09:53:20',1),(6025,'查询操作','查询按日统计分析数据','2019-08-15 09:56:19',1),(6026,'查询操作','查询按日统计分析数据','2019-08-15 09:56:33',1),(6027,'查询操作','查询按日统计分析数据','2019-08-15 09:56:39',1),(6028,'查询操作','查询按日统计分析数据','2019-08-15 09:58:48',1),(6029,'查询操作','查询按日统计分析数据','2019-08-15 09:58:55',1),(6030,'查询操作','查询按日统计分析数据','2019-08-15 09:59:02',1),(6031,'查询操作','查询按日统计分析数据','2019-08-15 09:59:11',1),(6032,'查询操作','查询按日统计分析数据','2019-08-15 10:00:20',1),(6033,'查询操作','查询按日统计分析数据','2019-08-15 10:01:17',1),(6034,'查询操作','查询按日统计分析数据','2019-08-15 10:01:34',1),(6035,'查询操作','分页查询商品库存信息','2019-08-15 10:02:06',1),(6036,'查询操作','分页查询商品库存信息','2019-08-15 10:02:15',1),(6037,'查询操作','查询按日统计分析数据','2019-08-15 10:02:21',1),(6038,'查询操作','查询按日统计分析数据','2019-08-15 10:05:57',1),(6039,'查询操作','查询按日统计分析数据','2019-08-15 10:06:25',1),(6040,'登录操作','登录系统','2019-08-15 15:13:53',1),(6041,'查询操作','分页查询商品库存信息','2019-08-15 15:13:56',1),(6042,'查询操作','查询按日统计分析数据','2019-08-15 15:14:10',1),(6043,'查询操作','查询按日统计分析数据','2019-08-15 15:14:25',1),(6044,'查询操作','查询按日统计分析数据','2019-08-15 15:14:47',1),(6045,'查询操作','查询按日统计分析数据','2019-08-15 15:15:12',1),(6046,'查询操作','查询按月统计分析数据','2019-08-15 15:15:28',1),(6047,'查询操作','查询按月统计分析数据','2019-08-15 15:16:24',1),(6048,'查询操作','查询按月统计分析数据','2019-08-15 15:16:45',1),(6049,'查询操作','查询按月统计分析数据','2019-08-15 15:17:08',1),(6050,'登录操作','登录系统','2019-08-15 15:17:37',1),(6051,'查询操作','分页查询商品库存信息','2019-08-15 15:17:39',1),(6052,'查询操作','查询按日统计分析数据','2019-08-15 15:17:42',1),(6053,'查询操作','查询按日统计分析数据','2019-08-15 15:17:49',1),(6054,'查询操作','查询按日统计分析数据','2019-08-15 15:17:59',1),(6055,'查询操作','查询按月统计分析数据','2019-08-15 15:18:05',1),(6056,'登录操作','登录系统','2020-11-19 09:14:01',1),(6057,'查询操作','分页查询商品库存信息','2020-11-19 09:14:02',1),(6058,'查询操作','分页查询商品信息','2020-11-19 09:14:12',1),(6059,'查询操作','分页查询商品信息','2020-11-19 09:14:12',1),(6060,'查询操作','分页查询商品信息','2020-11-19 09:14:14',1),(6061,'查询操作','分页查询商品信息','2020-11-19 09:14:14',1),(6062,'查询操作','分页查询商品信息','2020-11-19 09:14:42',1),(6063,'查询操作','分页查询商品信息','2020-11-19 09:14:42',1),(6064,'查询操作','分页查询商品信息','2020-11-19 09:14:43',1),(6065,'查询操作','分页查询商品信息','2020-11-19 09:14:43',1),(6066,'查询操作','查询库存报警商品信息','2020-11-19 09:14:43',1),(6067,'查询操作','商品报损单据查询','2020-11-19 09:14:45',1),(6068,'查询操作','分页查询商品库存信息','2020-11-19 09:14:48',1),(6069,'查询操作','进货单据查询','2020-11-19 09:14:55',1),(6070,'查询操作','进货单据查询','2020-11-19 09:14:55',1),(6071,'查询操作','退货单据查询','2020-11-19 09:14:56',1),(6072,'查询操作','退货单据查询','2020-11-19 09:14:56',1),(6073,'查询操作','分页查询商品信息','2020-11-19 09:33:51',1),(6074,'查询操作','分页查询商品信息','2020-11-19 09:33:51',1),(6075,'查询操作','退货单据查询','2020-11-19 09:34:07',1),(6076,'查询操作','进货单据查询','2020-11-19 09:34:07',1),(6077,'查询操作','客户退货单据查询','2020-11-19 09:34:10',1),(6078,'查询操作','销售单据查询','2020-11-19 09:34:10',1),(6079,'查询操作','进货商品统计查询','2020-11-19 09:34:11',1),(6080,'查询操作','退货商品统计查询','2020-11-19 09:34:11',1),(6081,'查询操作','销售商品统计查询','2020-11-19 09:34:12',1),(6082,'查询操作','客户退货商品统计查询','2020-11-19 09:34:12',1),(6083,'查询操作','客户退货商品统计查询','2020-11-19 09:34:14',1),(6084,'查询操作','销售商品统计查询','2020-11-19 09:34:14',1),(6085,'查询操作','查询按月统计分析数据','2020-11-19 09:34:17',1),(6086,'查询操作','查询按日统计分析数据','2020-11-19 09:34:18',1),(6087,'查询操作','分页查询商品信息','2020-11-19 09:34:48',1),(6088,'查询操作','分页查询商品信息','2020-11-19 09:34:48',1),(6089,'查询操作','分页查询商品信息','2020-11-19 09:34:57',1),(6090,'查询操作','分页查询商品信息','2020-11-19 09:34:57',1),(6091,'查询操作','进货单据查询','2020-11-19 09:34:59',1),(6092,'查询操作','进货单据查询','2020-11-19 09:34:59',1),(6093,'查询操作','退货单据查询','2020-11-19 09:35:01',1),(6094,'查询操作','退货单据查询','2020-11-19 09:35:01',1),(6095,'查询操作','分页查询商品库存信息','2020-11-19 09:35:02',1),(6096,'查询操作','分页查询角色信息','2020-11-19 09:37:14',1),(6097,'查询操作','分页查询角色信息','2020-11-19 09:37:14',1),(6098,'查询操作','分页查询用户信息','2020-11-19 09:37:17',1),(6099,'查询操作','查询所有角色信息','2020-11-19 09:37:17',1),(6100,'查询操作','分页查询用户信息','2020-11-19 09:37:17',1),(6101,'查询操作','分页查询供应商','2020-11-19 09:37:24',1),(6102,'查询操作','分页查询供应商','2020-11-19 09:37:24',1),(6103,'查询操作','分页查询客户','2020-11-19 09:37:26',1),(6104,'查询操作','分页查询客户','2020-11-19 09:37:26',1),(6105,'查询操作','分页查询商品信息','2020-11-19 09:37:27',1),(6106,'查询操作','查询商品类别信息','2020-11-19 09:37:27',1),(6107,'查询操作','分页查询商品信息（无库存）','2020-11-19 09:37:29',1),(6108,'查询操作','分页查询商品信息（有库存）','2020-11-19 09:37:29',1),(6109,'登录操作','登录系统','2020-11-19 10:46:23',1),(6110,'查询操作','分页查询商品库存信息','2020-11-19 10:46:24',1),(6111,'登录操作','登录系统','2020-11-19 11:03:22',1),(6112,'查询操作','分页查询商品库存信息','2020-11-19 11:03:23',1),(6113,'查询操作','分页查询商品库存信息','2020-11-19 11:03:47',1),(6114,'查询操作','查询商品类别信息','2020-11-19 11:04:38',1),(6115,'查询操作','分页查询商品库存信息','2020-11-19 11:05:33',1),(6116,'查询操作','分页查询商品库存信息','2020-11-19 11:05:42',1),(6117,'查询操作','查询商品类别信息','2020-11-19 11:05:54',1),(6118,'查询操作','分页查询商品库存信息','2020-11-19 11:05:55',1),(6119,'查询操作','分页查询商品库存信息','2020-11-19 11:07:01',1),(6120,'查询操作','分页查询商品库存信息','2020-11-19 11:07:26',1),(6121,'查询操作','分页查询商品信息','2020-11-19 11:07:35',1),(6122,'查询操作','查询商品类别信息','2020-11-19 11:07:36',1),(6123,'查询操作','分页查询用户信息','2020-11-19 11:08:07',1),(6124,'查询操作','查询所有角色信息','2020-11-19 11:08:07',1),(6125,'查询操作','分页查询用户信息','2020-11-19 11:08:07',1),(6126,'查询操作','分页查询商品信息','2020-11-19 11:08:24',1),(6127,'查询操作','查询商品类别信息','2020-11-19 11:08:24',1),(6128,'查询操作','分页查询商品信息','2020-11-19 11:08:32',1),(6129,'查询操作','分页查询供应商','2020-11-19 11:09:07',1),(6130,'查询操作','分页查询供应商','2020-11-19 11:09:07',1),(6131,'查询操作','分页查询供应商','2020-11-19 11:12:12',1),(6132,'查询操作','分页查询供应商','2020-11-19 11:12:12',1),(6133,'修改操作','修改供应商:四川耀荣汇商贸有限公司','2020-11-19 11:16:45',1),(6134,'查询操作','分页查询供应商','2020-11-19 11:16:45',1),(6135,'删除操作','删除供应商:四川食萃食品有限公司','2020-11-19 11:19:53',1),(6136,'查询操作','分页查询供应商','2020-11-19 11:19:53',1),(6137,'查询操作','分页查询供应商','2020-11-19 11:20:20',1),(6138,'查询操作','分页查询客户','2020-11-19 11:21:53',1),(6139,'查询操作','分页查询客户','2020-11-19 11:21:53',1),(6140,'查询操作','分页查询客户','2020-11-19 11:22:34',1),(6141,'查询操作','分页查询客户','2020-11-19 11:23:16',1),(6142,'修改操作','修改客户:家乐福（青石桥店）','2020-11-19 11:23:40',1),(6143,'查询操作','分页查询客户','2020-11-19 11:23:40',1),(6144,'新增操作','添加客户:沃尔玛（大陆店）','2020-11-19 11:25:28',1),(6145,'查询操作','分页查询客户','2020-11-19 11:25:28',1),(6146,'删除操作','删除客户:沃尔玛（大陆店）','2020-11-19 11:25:42',1),(6147,'查询操作','分页查询客户','2020-11-19 11:25:42',1),(6148,'查询操作','分页查询商品信息','2020-11-19 11:26:03',1),(6149,'查询操作','查询商品类别信息','2020-11-19 11:26:03',1),(6150,'查询操作','分页查询商品信息','2020-11-19 11:30:20',1),(6151,'查询操作','分页查询商品信息','2020-11-19 11:30:31',1),(6152,'查询操作','分页查询商品信息','2020-11-19 11:31:04',1),(6153,'新增操作','新增商品类别:大大','2020-11-19 11:31:22',1),(6154,'查询操作','查询商品类别信息','2020-11-19 11:31:22',1),(6155,'查询操作','分页查询商品信息','2020-11-19 11:31:53',1),(6156,'查询操作','分页查询商品信息','2020-11-19 11:31:55',1),(6157,'删除操作','删除商品类别：大大','2020-11-19 11:31:59',1),(6158,'查询操作','查询商品类别信息','2020-11-19 11:31:59',1),(6159,'查询操作','分页查询商品信息','2020-11-19 11:32:20',1),(6160,'查询操作','分页查询商品信息','2020-11-19 11:32:32',1),(6161,'查询操作','分页查询商品信息','2020-11-19 11:33:06',1),(6162,'修改操作','修改商品:啛啛喳喳','2020-11-19 11:33:29',1),(6163,'查询操作','分页查询商品信息','2020-11-19 11:33:30',1),(6164,'删除操作','删除商品:加绒加厚正品AFS JEEP/战地吉普男大码长裤植绒保暖男士牛仔裤子','2020-11-19 11:34:26',1),(6165,'查询操作','分页查询商品信息','2020-11-19 11:34:26',1),(6166,'查询操作','分页查询商品信息（无库存）','2020-11-19 11:37:30',1),(6167,'查询操作','分页查询商品信息（有库存）','2020-11-19 11:37:30',1),(6168,'查询操作','分页查询商品信息（无库存）','2020-11-19 11:40:25',1),(6169,'查询操作','分页查询商品信息（无库存）','2020-11-19 11:40:25',1),(6170,'查询操作','分页查询商品信息（无库存）','2020-11-19 11:40:25',1),(6171,'查询操作','分页查询商品信息（无库存）','2020-11-19 11:40:26',1),(6172,'查询操作','分页查询商品信息（无库存）','2020-11-19 11:40:27',1),(6173,'查询操作','分页查询商品信息（无库存）','2020-11-19 11:40:32',1),(6174,'登录操作','登录系统','2020-11-19 14:00:04',1),(6175,'查询操作','分页查询商品库存信息','2020-11-19 14:00:05',1),(6176,'查询操作','分页查询商品信息（无库存）','2020-11-19 14:00:10',1),(6177,'查询操作','分页查询商品信息（有库存）','2020-11-19 14:00:10',1),(6178,'修改操作','21商品期初入库','2020-11-19 14:00:28',1),(6179,'查询操作','分页查询商品信息（无库存）','2020-11-19 14:00:28',1),(6180,'查询操作','分页查询商品信息（有库存）','2020-11-19 14:00:28',1),(6181,'修改操作','21商品期初入库','2020-11-19 14:01:38',1),(6182,'查询操作','分页查询商品信息（无库存）','2020-11-19 14:01:39',1),(6183,'查询操作','分页查询商品信息（有库存）','2020-11-19 14:01:39',1),(6184,'查询操作','分页查询商品库存信息','2020-11-19 14:04:24',1),(6185,'查询操作','分页查询商品信息','2020-11-19 14:04:46',1),(6186,'查询操作','分页查询商品信息','2020-11-19 14:04:46',1),(6187,'查询操作','分页查询商品信息','2020-11-19 14:05:01',1),(6188,'查询操作','分页查询商品信息','2020-11-19 14:05:01',1),(6189,'查询操作','分页查询商品信息','2020-11-19 14:05:15',1),(6190,'查询操作','分页查询商品信息','2020-11-19 14:05:15',1),(6191,'查询操作','分页查询商品信息','2020-11-19 14:05:56',1),(6192,'查询操作','分页查询商品信息','2020-11-19 14:05:57',1),(6193,'查询操作','分页查询商品信息','2020-11-19 14:06:32',1),(6194,'查询操作','分页查询商品信息','2020-11-19 14:06:33',1),(6195,'查询操作','查询商品类别信息','2020-11-19 14:06:43',1),(6196,'查询操作','查询商品类别信息','2020-11-19 14:06:59',1),(6197,'查询操作','分页查询商品信息','2020-11-19 14:10:47',1),(6198,'查询操作','分页查询商品信息','2020-11-19 14:10:48',1),(6199,'查询操作','查询商品类别信息','2020-11-19 14:11:23',1),(6200,'查询操作','查询商品类别信息','2020-11-19 14:12:03',1),(6201,'新增操作','新增商品报损单：BS1605766247962','2020-11-19 14:12:19',1),(6202,'查询操作','分页查询商品信息','2020-11-19 14:12:21',1),(6203,'查询操作','分页查询商品信息','2020-11-19 14:12:21',1),(6204,'查询操作','商品报损单据查询','2020-11-19 14:12:27',1),(6205,'查询操作','商品报损单商品信息查询','2020-11-19 14:12:30',1),(6206,'查询操作','查询库存报警商品信息','2020-11-19 14:12:33',1),(6207,'查询操作','分页查询商品信息','2020-11-19 14:12:43',1),(6208,'查询操作','分页查询商品信息','2020-11-19 14:12:44',1),(6209,'查询操作','分页查询商品信息','2020-11-19 14:12:51',1),(6210,'查询操作','分页查询商品信息','2020-11-19 14:12:51',1),(6211,'查询操作','查询商品类别信息','2020-11-19 14:13:18',1),(6212,'查询操作','分页查询商品信息','2020-11-19 14:13:34',1),(6213,'查询操作','分页查询商品信息','2020-11-19 14:13:34',1),(6214,'查询操作','查询商品类别信息','2020-11-19 14:13:35',1),(6215,'查询操作','查询库存报警商品信息','2020-11-19 14:13:45',1),(6216,'查询操作','商品报损单据查询','2020-11-19 14:13:55',1),(6217,'查询操作','分页查询商品库存信息','2020-11-19 14:14:04',1),(6218,'新增操作','新增商品报溢单：BY1605766414384','2020-11-19 14:14:20',1),(6219,'查询操作','分页查询商品信息','2020-11-19 14:14:22',1),(6220,'查询操作','分页查询商品信息','2020-11-19 14:14:22',1),(6221,'查询操作','查询商品类别信息','2020-11-19 14:14:23',1),(6222,'查询操作','商品报溢单据查询','2020-11-19 14:14:46',1),(6223,'查询操作','商品报损单据查询','2020-11-19 14:14:50',1),(6224,'查询操作','商品报溢单据查询','2020-11-19 14:14:53',1),(6225,'查询操作','商品报损单据查询','2020-11-19 14:14:57',1),(6226,'查询操作','商品报溢单据查询','2020-11-19 14:15:00',1),(6227,'查询操作','商品报溢单商品信息查询','2020-11-19 14:15:10',1),(6228,'查询操作','商品报损单据查询','2020-11-19 14:15:15',1),(6229,'查询操作','商品报损单商品信息查询','2020-11-19 14:15:16',1),(6230,'查询操作','分页查询商品信息','2020-11-19 14:15:36',1),(6231,'查询操作','分页查询商品信息','2020-11-19 14:15:37',1),(6232,'查询操作','分页查询商品信息','2020-11-19 14:15:42',1),(6233,'查询操作','分页查询商品信息','2020-11-19 14:15:42',1),(6234,'查询操作','分页查询商品信息','2020-11-19 14:15:51',1),(6235,'查询操作','分页查询商品信息','2020-11-19 14:15:51',1),(6236,'查询操作','分页查询商品信息','2020-11-19 14:15:52',1),(6237,'查询操作','分页查询商品信息','2020-11-19 14:15:53',1),(6238,'查询操作','查询商品类别信息','2020-11-19 14:15:56',1),(6239,'查询操作','查询商品类别信息','2020-11-19 14:16:10',1),(6240,'查询操作','分页查询商品信息','2020-11-19 14:17:24',1),(6241,'查询操作','分页查询商品信息','2020-11-19 14:17:24',1),(6242,'查询操作','查询商品类别信息','2020-11-19 14:18:13',1),(6243,'新增操作','新增商品报损单：BS1605766644460','2020-11-19 14:19:06',1),(6244,'查询操作','分页查询商品信息','2020-11-19 14:19:08',1),(6245,'查询操作','分页查询商品信息','2020-11-19 14:19:08',1),(6246,'查询操作','查询商品类别信息','2020-11-19 14:23:38',1),(6247,'查询操作','分页查询商品信息','2020-11-19 14:23:52',1),(6248,'查询操作','分页查询商品信息','2020-11-19 14:23:53',1),(6249,'查询操作','查询商品类别信息','2020-11-19 14:24:25',1),(6250,'新增操作','新增商品报溢单：BY1605767033015','2020-11-19 14:24:54',1),(6251,'查询操作','分页查询商品信息','2020-11-19 14:24:55',1),(6252,'查询操作','分页查询商品信息','2020-11-19 14:24:56',1),(6253,'查询操作','查询商品类别信息','2020-11-19 14:26:36',1),(6254,'查询操作','分页查询商品信息','2020-11-19 14:27:07',1),(6255,'查询操作','分页查询商品信息','2020-11-19 14:27:07',1),(6256,'查询操作','查询库存报警商品信息','2020-11-19 14:27:21',1),(6257,'查询操作','商品报损单据查询','2020-11-19 14:30:20',1),(6258,'查询操作','商品报损单据查询','2020-11-19 14:30:29',1),(6259,'查询操作','商品报损单据查询','2020-11-19 14:31:04',1),(6260,'查询操作','商品报溢单据查询','2020-11-19 14:31:15',1),(6261,'查询操作','商品报溢单商品信息查询','2020-11-19 14:32:48',1),(6262,'查询操作','商品报损单据查询','2020-11-19 14:33:16',1),(6263,'查询操作','商品报损单商品信息查询','2020-11-19 14:33:22',1),(6264,'查询操作','商品报溢单据查询','2020-11-19 14:34:09',1),(6265,'查询操作','商品报溢单商品信息查询','2020-11-19 14:34:36',1),(6266,'查询操作','分页查询商品库存信息','2020-11-19 14:35:32',1),(6267,'查询操作','分页查询商品库存信息','2020-11-19 14:36:25',1),(6268,'查询操作','查询商品类别信息','2020-11-19 14:36:51',1),(6269,'查询操作','查询商品类别信息','2020-11-19 14:37:35',1),(6270,'查询操作','分页查询商品库存信息','2020-11-19 14:37:38',1),(6271,'查询操作','查询商品类别信息','2020-11-19 14:37:53',1),(6272,'查询操作','分页查询商品库存信息','2020-11-19 14:37:55',1),(6273,'查询操作','分页查询商品库存信息','2020-11-19 14:37:59',1),(6274,'查询操作','分页查询供应商','2020-11-19 14:39:02',1),(6275,'查询操作','分页查询供应商','2020-11-19 14:39:02',1),(6276,'修改操作','修改供应商:四川耀荣汇商贸有限公司','2020-11-19 14:39:28',1),(6277,'查询操作','分页查询供应商','2020-11-19 14:39:28',1),(6278,'新增操作','添加供应商:四川汇商贸有限公司','2020-11-19 14:40:15',1),(6279,'查询操作','分页查询供应商','2020-11-19 14:40:15',1),(6280,'删除操作','删除供应商:四川耀荣汇商贸有限公司','2020-11-19 14:40:22',1),(6281,'删除操作','删除供应商:四川汇商贸有限公司','2020-11-19 14:41:16',1),(6282,'查询操作','分页查询供应商','2020-11-19 14:41:16',1),(6283,'查询操作','分页查询客户','2020-11-19 14:41:55',1),(6284,'查询操作','分页查询客户','2020-11-19 14:41:55',1),(6285,'新增操作','添加客户:沃尔玛（大陆店）','2020-11-19 14:42:24',1),(6286,'查询操作','分页查询客户','2020-11-19 14:42:24',1),(6287,'查询操作','分页查询客户','2020-11-19 14:42:42',1),(6288,'查询操作','分页查询客户','2020-11-19 14:43:00',1),(6289,'删除操作','删除客户:沃尔玛（大陆店）','2020-11-19 14:43:05',1),(6290,'查询操作','分页查询客户','2020-11-19 14:43:05',1),(6291,'查询操作','分页查询商品信息','2020-11-19 14:45:06',1),(6292,'查询操作','分页查询商品信息','2020-11-19 14:45:06',1),(6293,'查询操作','查询商品类别信息','2020-11-19 14:45:47',1),(6294,'查询操作','分页查询商品信息','2020-11-19 14:46:12',1),(6295,'新增操作','新增进货单：JH1605768306735','2020-11-19 14:46:53',1),(6296,'查询操作','分页查询商品信息','2020-11-19 14:46:55',1),(6297,'查询操作','分页查询商品信息','2020-11-19 14:46:55',1),(6298,'查询操作','分页查询商品信息','2020-11-19 14:49:51',1),(6299,'查询操作','分页查询商品信息','2020-11-19 14:49:51',1),(6300,'查询操作','查询商品类别信息','2020-11-19 14:50:20',1),(6301,'查询操作','分页查询商品信息','2020-11-19 14:50:27',1),(6302,'查询操作','分页查询商品信息','2020-11-19 14:50:30',1),(6303,'查询操作','分页查询商品信息','2020-11-19 14:50:33',1),(6304,'查询操作','分页查询商品信息','2020-11-19 14:50:44',1),(6305,'查询操作','分页查询商品信息','2020-11-19 14:51:08',1),(6306,'查询操作','分页查询商品信息','2020-11-19 14:51:10',1),(6307,'查询操作','分页查询商品信息','2020-11-19 14:51:13',1),(6308,'查询操作','分页查询商品信息','2020-11-19 14:51:14',1),(6309,'新增操作','新增退货单：TH1605768591211','2020-11-19 14:52:00',1),(6310,'查询操作','分页查询商品信息','2020-11-19 14:52:01',1),(6311,'查询操作','分页查询商品信息','2020-11-19 14:52:01',1),(6312,'登录操作','登录系统','2020-11-19 15:42:45',1),(6313,'查询操作','分页查询商品库存信息','2020-11-19 15:42:46',1),(6314,'查询操作','进货单据查询','2020-11-19 15:42:50',1),(6315,'查询操作','进货单据查询','2020-11-19 15:42:50',1),(6316,'查询操作','进货单商品信息查询','2020-11-19 15:43:17',1),(6317,'查询操作','进货单据查询','2020-11-19 15:44:21',1),(6318,'查询操作','进货单据查询','2020-11-19 15:45:30',1),(6319,'查询操作','进货单商品信息查询','2020-11-19 15:45:50',1),(6320,'删除操作','删除进货单：JH1605768306735','2020-11-19 15:46:00',1),(6321,'查询操作','进货单据查询','2020-11-19 15:46:00',1),(6322,'查询操作','进货单商品信息查询','2020-11-19 15:46:00',1),(6323,'查询操作','退货单据查询','2020-11-19 15:47:03',1),(6324,'查询操作','退货单据查询','2020-11-19 15:47:03',1),(6325,'查询操作','退货单商品信息查询','2020-11-19 15:47:38',1),(6326,'查询操作','退货单商品信息查询','2020-11-19 15:48:12',1),(6327,'删除操作','删除退货单：TH1605768591211','2020-11-19 15:48:15',1),(6328,'查询操作','退货单据查询','2020-11-19 15:48:15',1),(6329,'查询操作','退货单商品信息查询','2020-11-19 15:48:15',1),(6330,'查询操作','分页查询商品信息','2020-11-19 15:51:03',1),(6331,'查询操作','分页查询商品信息','2020-11-19 15:51:04',1),(6332,'查询操作','查询商品类别信息','2020-11-19 15:51:28',1),(6333,'新增操作','新增销售单：XS1605772263999','2020-11-19 15:51:48',1),(6334,'查询操作','分页查询商品信息','2020-11-19 15:51:50',1),(6335,'查询操作','分页查询商品信息','2020-11-19 15:51:50',1),(6336,'查询操作','分页查询商品信息','2020-11-19 15:59:46',1),(6337,'查询操作','分页查询商品信息','2020-11-19 15:59:46',1),(6338,'查询操作','查询商品类别信息','2020-11-19 15:59:51',1),(6339,'新增操作','新增客户退货单：XT1605772786495','2020-11-19 16:00:17',1),(6340,'查询操作','分页查询商品信息','2020-11-19 16:00:19',1),(6341,'查询操作','分页查询商品信息','2020-11-19 16:00:19',1),(6342,'查询操作','销售单据查询','2020-11-19 16:01:06',1),(6343,'查询操作','销售单据查询','2020-11-19 16:01:06',1),(6344,'查询操作','销售单商品信息查询','2020-11-19 16:03:55',1),(6345,'删除操作','删除销售单：XS1605772263999','2020-11-19 16:04:18',1),(6346,'查询操作','销售单据查询','2020-11-19 16:04:18',1),(6347,'查询操作','销售单商品信息查询','2020-11-19 16:04:18',1),(6348,'查询操作','客户退货单据查询','2020-11-19 16:04:47',1),(6349,'查询操作','客户退货单据查询','2020-11-19 16:04:47',1),(6350,'查询操作','客户退货单商品信息查询','2020-11-19 16:05:38',1),(6351,'查询操作','客户退货单商品信息查询','2020-11-19 16:05:38',1),(6352,'删除操作','删除客户退货单：XT1605772786495','2020-11-19 16:06:05',1),(6353,'查询操作','客户退货单据查询','2020-11-19 16:06:05',1),(6354,'查询操作','客户退货单商品信息查询','2020-11-19 16:06:05',1),(6355,'查询操作','进货单据查询','2020-11-19 16:06:26',1),(6356,'查询操作','退货单据查询','2020-11-19 16:06:26',1),(6357,'查询操作','进货单据查询','2020-11-19 16:07:51',1),(6358,'查询操作','退货单据查询','2020-11-19 16:07:51',1),(6359,'查询操作','销售单据查询','2020-11-19 16:08:01',1),(6360,'查询操作','客户退货单据查询','2020-11-19 16:08:01',1),(6361,'查询操作','销售单据查询','2020-11-19 16:08:10',1),(6362,'查询操作','客户退货单据查询','2020-11-19 16:08:10',1),(6363,'查询操作','退货单据查询','2020-11-19 16:08:42',1),(6364,'查询操作','进货单据查询','2020-11-19 16:08:42',1),(6365,'查询操作','进货单据查询','2020-11-19 16:09:05',1),(6366,'查询操作','退货单据查询','2020-11-19 16:09:05',1),(6367,'查询操作','分页查询商品信息','2020-11-19 16:10:19',1),(6368,'查询操作','分页查询商品信息','2020-11-19 16:10:19',1),(6369,'查询操作','查询商品类别信息','2020-11-19 16:10:24',1),(6370,'新增操作','新增进货单：JH1605773419636','2020-11-19 16:10:33',1),(6371,'查询操作','分页查询商品信息','2020-11-19 16:10:34',1),(6372,'查询操作','分页查询商品信息','2020-11-19 16:10:34',1),(6373,'查询操作','查询商品类别信息','2020-11-19 16:10:41',1),(6374,'查询操作','分页查询商品信息','2020-11-19 16:10:45',1),(6375,'新增操作','新增进货单：JH1605773434553','2020-11-19 16:11:00',1),(6376,'查询操作','分页查询商品信息','2020-11-19 16:11:01',1),(6377,'查询操作','分页查询商品信息','2020-11-19 16:11:01',1),(6378,'查询操作','进货单据查询','2020-11-19 16:11:03',1),(6379,'查询操作','进货单据查询','2020-11-19 16:11:03',1),(6380,'查询操作','分页查询商品信息','2020-11-19 16:11:10',1),(6381,'查询操作','分页查询商品信息','2020-11-19 16:11:10',1),(6382,'查询操作','查询商品类别信息','2020-11-19 16:11:15',1),(6383,'查询操作','查询商品类别信息','2020-11-19 16:11:25',1),(6384,'新增操作','新增退货单：TH1605773470614','2020-11-19 16:11:32',1),(6385,'查询操作','分页查询商品信息','2020-11-19 16:11:34',1),(6386,'查询操作','分页查询商品信息','2020-11-19 16:11:34',1),(6387,'查询操作','退货单据查询','2020-11-19 16:11:35',1),(6388,'查询操作','退货单据查询','2020-11-19 16:11:36',1),(6389,'查询操作','分页查询商品信息','2020-11-19 16:11:40',1),(6390,'查询操作','分页查询商品信息','2020-11-19 16:11:40',1),(6391,'查询操作','查询商品类别信息','2020-11-19 16:11:46',1),(6392,'新增操作','新增销售单：XS1605773500926','2020-11-19 16:11:50',1),(6393,'查询操作','分页查询商品信息','2020-11-19 16:11:52',1),(6394,'查询操作','分页查询商品信息','2020-11-19 16:11:52',1),(6395,'查询操作','分页查询商品信息','2020-11-19 16:11:53',1),(6396,'查询操作','分页查询商品信息','2020-11-19 16:11:53',1),(6397,'查询操作','查询商品类别信息','2020-11-19 16:11:58',1),(6398,'新增操作','新增销售单：XS1605773512212','2020-11-19 16:12:03',1),(6399,'查询操作','分页查询商品信息','2020-11-19 16:12:05',1),(6400,'查询操作','分页查询商品信息','2020-11-19 16:12:05',1),(6401,'查询操作','查询商品类别信息','2020-11-19 16:12:09',1),(6402,'新增操作','新增客户退货单：XT1605773513845','2020-11-19 16:12:14',1),(6403,'查询操作','分页查询商品信息','2020-11-19 16:12:16',1),(6404,'查询操作','分页查询商品信息','2020-11-19 16:12:16',1),(6405,'查询操作','销售单据查询','2020-11-19 16:12:18',1),(6406,'查询操作','销售单据查询','2020-11-19 16:12:18',1),(6407,'查询操作','客户退货单据查询','2020-11-19 16:12:18',1),(6408,'查询操作','客户退货单据查询','2020-11-19 16:12:18',1),(6409,'查询操作','进货单据查询','2020-11-19 16:12:25',1),(6410,'查询操作','退货单据查询','2020-11-19 16:12:25',1),(6411,'查询操作','进货单据查询','2020-11-19 16:12:46',1),(6412,'查询操作','退货单据查询','2020-11-19 16:12:46',1),(6413,'查询操作','进货单商品信息查询','2020-11-19 16:12:56',1),(6414,'查询操作','退货单商品信息查询','2020-11-19 16:13:01',1),(6415,'查询操作','分页查询商品信息','2020-11-19 16:13:09',1),(6416,'查询操作','分页查询商品信息','2020-11-19 16:13:09',1),(6417,'查询操作','查询商品类别信息','2020-11-19 16:13:16',1),(6418,'新增操作','新增进货单：JH1605773589084','2020-11-19 16:13:27',1),(6419,'查询操作','分页查询商品信息','2020-11-19 16:13:28',1),(6420,'查询操作','分页查询商品信息','2020-11-19 16:13:28',1),(6421,'查询操作','进货单据查询','2020-11-19 16:13:42',1),(6422,'查询操作','退货单据查询','2020-11-19 16:13:42',1),(6423,'查询操作','进货单商品信息查询','2020-11-19 16:14:06',1),(6424,'查询操作','进货单商品信息查询','2020-11-19 16:14:27',1),(6425,'删除操作','支付结算进货单：JH1605773589084','2020-11-19 16:14:32',1),(6426,'查询操作','进货单据查询','2020-11-19 16:14:32',1),(6427,'查询操作','退货单据查询','2020-11-19 16:14:32',1),(6428,'查询操作','客户退货单据查询','2020-11-19 16:15:15',1),(6429,'查询操作','销售单据查询','2020-11-19 16:15:15',1),(6430,'查询操作','销售单商品信息查询','2020-11-19 16:15:22',1),(6431,'查询操作','客户退货单商品信息查询','2020-11-19 16:15:34',1),(6432,'查询操作','销售单商品信息查询','2020-11-19 16:15:36',1),(6433,'查询操作','客户退货单商品信息查询','2020-11-19 16:15:37',1),(6434,'查询操作','销售单商品信息查询','2020-11-19 16:15:38',1),(6435,'查询操作','客户退货单商品信息查询','2020-11-19 16:15:38',1),(6436,'查询操作','销售单商品信息查询','2020-11-19 16:15:39',1),(6437,'查询操作','分页查询商品信息','2020-11-19 16:15:48',1),(6438,'查询操作','分页查询商品信息','2020-11-19 16:15:48',1),(6439,'查询操作','查询商品类别信息','2020-11-19 16:15:52',1),(6440,'新增操作','新增销售单：XS1605773748813','2020-11-19 16:15:58',1),(6441,'查询操作','分页查询商品信息','2020-11-19 16:16:00',1),(6442,'查询操作','分页查询商品信息','2020-11-19 16:16:00',1),(6443,'查询操作','查询商品类别信息','2020-11-19 16:16:03',1),(6444,'新增操作','新增销售单：XS1605773760294','2020-11-19 16:16:10',1),(6445,'查询操作','分页查询商品信息','2020-11-19 16:16:12',1),(6446,'查询操作','分页查询商品信息','2020-11-19 16:16:12',1),(6447,'查询操作','查询商品类别信息','2020-11-19 16:16:16',1),(6448,'新增操作','新增销售单：XS1605773772103','2020-11-19 16:16:24',1),(6449,'查询操作','分页查询商品信息','2020-11-19 16:16:26',1),(6450,'查询操作','分页查询商品信息','2020-11-19 16:16:26',1),(6451,'登录操作','登录系统','2020-11-19 17:23:44',1),(6452,'查询操作','分页查询商品库存信息','2020-11-19 17:23:44',1),(6453,'查询操作','进货单据查询','2020-11-19 17:23:50',1),(6454,'查询操作','退货单据查询','2020-11-19 17:23:50',1),(6455,'查询操作','客户退货单据查询','2020-11-19 17:23:54',1),(6456,'查询操作','销售单据查询','2020-11-19 17:23:54',1),(6457,'查询操作','销售单商品信息查询','2020-11-19 17:29:42',1),(6458,'查询操作','销售单商品信息查询','2020-11-19 17:29:44',1),(6459,'查询操作','销售单商品信息查询','2020-11-19 17:30:20',1),(6460,'登录操作','登录系统','2020-11-20 13:29:58',1),(6461,'查询操作','分页查询商品库存信息','2020-11-20 13:29:58',1),(6462,'查询操作','客户退货单据查询','2020-11-20 13:43:03',1),(6463,'查询操作','销售单据查询','2020-11-20 13:43:03',1),(6464,'查询操作','销售单商品信息查询','2020-11-20 13:43:29',1),(6465,'删除操作','支付结算销售单：XS1605773760294','2020-11-20 13:43:41',1),(6466,'查询操作','销售单据查询','2020-11-20 13:43:42',1),(6467,'查询操作','客户退货单据查询','2020-11-20 13:43:42',1),(6468,'查询操作','退货商品统计查询','2020-11-20 13:44:26',1),(6469,'查询操作','进货商品统计查询','2020-11-20 13:44:26',1),(6470,'查询操作','退货商品统计查询','2020-11-20 13:45:38',1),(6471,'查询操作','进货商品统计查询','2020-11-20 13:45:38',1),(6472,'查询操作','客户退货商品统计查询','2020-11-20 13:46:18',1),(6473,'查询操作','销售商品统计查询','2020-11-20 13:46:18',1),(6474,'查询操作','查询按日统计分析数据','2020-11-20 13:47:18',1),(6475,'查询操作','查询按月统计分析数据','2020-11-20 13:47:51',1),(6476,'查询操作','查询按月统计分析数据','2020-11-20 13:48:15',1),(6477,'查询操作','查询按日统计分析数据','2020-11-20 13:48:29',1),(6478,'查询操作','客户退货商品统计查询','2020-11-20 13:48:31',1),(6479,'查询操作','销售商品统计查询','2020-11-20 13:48:31',1),(6480,'查询操作','进货商品统计查询','2020-11-20 13:48:32',1),(6481,'查询操作','退货商品统计查询','2020-11-20 13:48:32',1),(6482,'查询操作','客户退货单据查询','2020-11-20 13:48:33',1),(6483,'查询操作','销售单据查询','2020-11-20 13:48:33',1),(6484,'查询操作','退货单据查询','2020-11-20 13:48:33',1),(6485,'查询操作','进货单据查询','2020-11-20 13:48:33',1),(6486,'查询操作','查询按日统计分析数据','2020-11-20 13:48:39',1),(6487,'查询操作','分页查询商品库存信息','2020-11-20 13:48:46',1),(6488,'查询操作','查询按日统计分析数据','2020-11-20 13:48:52',1),(6489,'登录操作','登录系统','2020-11-20 14:17:03',1),(6490,'查询操作','分页查询商品库存信息','2020-11-20 14:17:03',1),(6491,'查询操作','分页查询商品库存信息','2020-11-20 14:17:19',1),(6492,'查询操作','分页查询供应商','2020-11-20 14:33:06',1),(6493,'查询操作','分页查询供应商','2020-11-20 14:33:06',1),(6494,'修改操作','修改供应商:四川耀荣汇商贸有限公司','2020-11-20 14:38:36',1),(6495,'查询操作','分页查询供应商','2020-11-20 14:38:37',1),(6496,'查询操作','分页查询供应商','2020-11-20 14:54:55',1),(6497,'查询操作','分页查询供应商','2020-11-20 14:54:55',1),(6498,'查询操作','分页查询客户','2020-11-20 14:54:58',1),(6499,'查询操作','分页查询客户','2020-11-20 14:54:58',1),(6500,'查询操作','分页查询供应商','2020-11-20 15:00:05',1),(6501,'查询操作','分页查询供应商','2020-11-20 15:00:05',1),(6502,'查询操作','分页查询商品信息','2020-11-20 15:07:45',1),(6503,'查询操作','查询商品类别信息','2020-11-20 15:07:45',1),(6504,'查询操作','分页查询商品信息','2020-11-20 15:07:55',1),(6505,'查询操作','查询商品类别信息','2020-11-20 15:07:55',1),(6506,'查询操作','分页查询商品信息','2020-11-20 15:12:20',1),(6507,'查询操作','查询商品类别信息','2020-11-20 15:12:20',1),(6508,'查询操作','分页查询商品信息（无库存）','2020-11-20 15:29:05',1),(6509,'查询操作','分页查询商品信息（有库存）','2020-11-20 15:29:05',1),(6510,'查询操作','分页查询商品信息','2020-11-20 15:37:01',1),(6511,'查询操作','分页查询商品信息','2020-11-20 15:37:01',1),(6512,'查询操作','分页查询商品信息','2020-11-20 15:37:17',1),(6513,'查询操作','分页查询商品信息','2020-11-20 15:37:17',1),(6514,'查询操作','查询库存报警商品信息','2020-11-20 15:44:31',1),(6515,'查询操作','商品报损单据查询','2020-11-20 15:48:54',1),(6516,'查询操作','商品报损单商品信息查询','2020-11-20 15:53:02',1),(6517,'查询操作','商品报溢单据查询','2020-11-20 15:54:37',1),(6518,'查询操作','分页查询商品信息','2020-11-20 15:58:54',1),(6519,'查询操作','分页查询商品信息','2020-11-20 15:58:54',1),(6520,'查询操作','查询商品类别信息','2020-11-20 15:59:16',1),(6521,'查询操作','分页查询商品库存信息','2020-11-20 15:59:27',1),(6522,'查询操作','分页查询商品信息','2020-11-20 15:59:33',1),(6523,'查询操作','分页查询商品信息','2020-11-20 15:59:33',1),(6524,'查询操作','分页查询商品信息','2020-11-20 16:02:21',1),(6525,'查询操作','分页查询商品信息','2020-11-20 16:02:21',1),(6526,'查询操作','进货单据查询','2020-11-20 16:07:16',1),(6527,'查询操作','进货单据查询','2020-11-20 16:07:16',1),(6528,'查询操作','进货单商品信息查询','2020-11-20 16:09:45',1),(6529,'查询操作','退货单据查询','2020-11-20 16:12:50',1),(6530,'查询操作','退货单据查询','2020-11-20 16:12:50',1),(6531,'查询操作','分页查询商品信息','2020-11-20 16:16:46',1),(6532,'查询操作','分页查询商品信息','2020-11-20 16:16:47',1),(6533,'查询操作','销售单据查询','2020-11-20 16:20:57',1),(6534,'查询操作','销售单据查询','2020-11-20 16:20:57',1),(6535,'查询操作','销售单商品信息查询','2020-11-20 16:22:25',1),(6536,'查询操作','客户退货单据查询','2020-11-20 16:24:49',1),(6537,'查询操作','客户退货单据查询','2020-11-20 16:24:49',1),(6538,'查询操作','客户退货单商品信息查询','2020-11-20 16:25:55',1),(6539,'查询操作','退货商品统计查询','2020-11-20 16:33:05',1),(6540,'查询操作','进货商品统计查询','2020-11-20 16:33:05',1),(6541,'查询操作','退货商品统计查询','2020-11-20 16:35:32',1),(6542,'查询操作','进货商品统计查询','2020-11-20 16:35:32',1),(6543,'查询操作','分页查询商品库存信息','2020-11-20 16:35:45',1),(6544,'查询操作','退货商品统计查询','2020-11-20 16:36:19',1),(6545,'查询操作','进货商品统计查询','2020-11-20 16:36:19',1),(6546,'登录操作','登录系统','2020-11-20 18:19:47',1),(6547,'查询操作','分页查询商品库存信息','2020-11-20 18:19:49',1),(6548,'查询操作','客户退货商品统计查询','2020-11-20 18:19:54',1),(6549,'查询操作','销售商品统计查询','2020-11-20 18:19:54',1),(6550,'查询操作','查询按日统计分析数据','2020-11-20 18:23:01',1),(6551,'查询操作','查询按月统计分析数据','2020-11-20 18:24:58',1),(6552,'登录操作','登录系统','2020-11-20 18:44:38',1),(6553,'查询操作','分页查询角色信息','2020-11-20 18:44:58',1),(6554,'查询操作','分页查询角色信息','2020-11-20 18:44:58',1),(6555,'查询操作','分页查询用户信息','2020-11-20 18:45:00',1),(6556,'查询操作','查询所有角色信息','2020-11-20 18:45:00',1),(6557,'查询操作','分页查询用户信息','2020-11-20 18:45:00',1),(6558,'登录操作','登录系统','2020-11-21 15:52:23',1),(6559,'查询操作','分页查询商品库存信息','2020-11-21 15:52:24',1),(6560,'查询操作','查询商品类别信息','2020-11-21 15:54:53',1),(6561,'查询操作','查询商品类别信息','2020-11-21 15:54:59',1),(6562,'查询操作','查询商品类别信息','2020-11-21 15:55:04',1),(6563,'查询操作','查询商品类别信息','2020-11-21 15:55:08',1),(6564,'查询操作','查询商品类别信息','2020-11-21 15:55:56',1),(6565,'查询操作','分页查询供应商','2020-11-21 15:58:50',1),(6566,'查询操作','分页查询供应商','2020-11-21 15:58:50',1),(6567,'查询操作','分页查询客户','2020-11-21 16:06:55',1),(6568,'查询操作','分页查询客户','2020-11-21 16:06:55',1),(6569,'查询操作','分页查询商品信息','2020-11-21 16:24:04',1),(6570,'查询操作','查询商品类别信息','2020-11-21 16:24:04',1),(6571,'查询操作','分页查询商品信息','2020-11-21 16:24:13',1),(6572,'查询操作','分页查询商品信息','2020-11-21 16:24:22',1),(6573,'登录操作','登录系统','2020-11-23 13:24:13',1),(6574,'查询操作','分页查询商品库存信息','2020-11-23 13:24:14',1),(6575,'查询操作','分页查询商品信息','2020-11-23 13:24:42',1),(6576,'查询操作','查询商品类别信息','2020-11-23 13:24:42',1),(6577,'查询操作','分页查询商品信息','2020-11-23 13:25:29',1),(6578,'查询操作','查询商品类别信息','2020-11-23 13:25:30',1),(6579,'查询操作','分页查询商品信息（无库存）','2020-11-23 13:36:39',1),(6580,'查询操作','分页查询商品信息（有库存）','2020-11-23 13:36:39',1),(6581,'查询操作','分页查询商品信息（无库存）','2020-11-23 13:42:47',1),(6582,'查询操作','分页查询商品信息（有库存）','2020-11-23 13:42:47',1),(6583,'查询操作','分页查询商品信息','2020-11-23 14:00:44',1),(6584,'查询操作','分页查询商品信息','2020-11-23 14:00:44',1),(6585,'查询操作','查询商品类别信息','2020-11-23 14:02:17',1),(6586,'新增操作','新增商品报损单：BS1606111244343','2020-11-23 14:08:56',1),(6587,'查询操作','分页查询商品信息','2020-11-23 14:08:57',1),(6588,'查询操作','分页查询商品信息','2020-11-23 14:08:58',1),(6589,'查询操作','分页查询商品信息','2020-11-23 14:08:59',1),(6590,'查询操作','分页查询商品信息','2020-11-23 14:08:59',1),(6591,'查询操作','查询商品类别信息','2020-11-23 14:09:41',1),(6592,'查询操作','查询库存报警商品信息','2020-11-23 14:12:24',1),(6593,'查询操作','商品报损单据查询','2020-11-23 14:15:01',1),(6594,'查询操作','查询库存报警商品信息','2020-11-23 14:15:03',1),(6595,'查询操作','查询库存报警商品信息','2020-11-23 14:15:08',1),(6596,'查询操作','分页查询商品信息','2020-11-23 14:15:11',1),(6597,'查询操作','分页查询商品信息','2020-11-23 14:15:11',1),(6598,'查询操作','商品报损单据查询','2020-11-23 14:15:15',1),(6599,'查询操作','商品报损单商品信息查询','2020-11-23 14:17:42',1),(6600,'查询操作','商品报损单据查询','2020-11-23 14:17:49',1),(6601,'查询操作','商品报溢单据查询','2020-11-23 14:17:53',1),(6602,'查询操作','商品报溢单商品信息查询','2020-11-23 14:18:55',1),(6603,'查询操作','分页查询商品库存信息','2020-11-23 14:19:21',1),(6604,'查询操作','分页查询商品信息','2020-11-23 14:20:35',1),(6605,'查询操作','分页查询商品信息','2020-11-23 14:20:35',1),(6606,'登录操作','登录系统','2020-11-23 18:01:39',1),(6607,'查询操作','分页查询商品库存信息','2020-11-23 18:01:40',1),(6608,'查询操作','分页查询商品信息','2020-11-23 18:02:41',1),(6609,'查询操作','分页查询商品信息','2020-11-23 18:02:42',1),(6610,'查询操作','分页查询客户','2020-11-23 18:02:44',1),(6611,'查询操作','分页查询客户','2020-11-23 18:02:44',1),(6612,'查询操作','分页查询供应商','2020-11-23 18:02:59',1),(6613,'查询操作','分页查询供应商','2020-11-23 18:02:59',1),(6614,'查询操作','分页查询商品信息','2020-11-23 18:03:01',1),(6615,'查询操作','查询商品类别信息','2020-11-23 18:03:01',1),(6616,'查询操作','分页查询商品信息（无库存）','2020-11-23 18:03:01',1),(6617,'查询操作','分页查询商品信息（有库存）','2020-11-23 18:03:01',1),(6618,'查询操作','分页查询商品信息','2020-11-23 18:04:02',1),(6619,'查询操作','查询商品类别信息','2020-11-23 18:04:03',1),(6620,'查询操作','分页查询商品信息','2020-11-23 18:08:54',1),(6621,'查询操作','查询商品类别信息','2020-11-23 18:08:54',1),(6622,'查询操作','分页查询商品信息','2020-11-23 18:20:43',1),(6623,'查询操作','分页查询商品信息','2020-11-23 18:20:43',1),(6624,'查询操作','查询商品类别信息','2020-11-23 18:20:47',1),(6625,'查询操作','分页查询商品信息','2020-11-23 18:27:43',1),(6626,'查询操作','分页查询商品信息','2020-11-23 18:27:43',1),(6627,'查询操作','查询商品类别信息','2020-11-23 18:27:54',1),(6628,'查询操作','查询商品类别信息','2020-11-23 18:28:28',1),(6629,'查询操作','进货单据查询','2020-11-23 18:32:13',1),(6630,'查询操作','进货单据查询','2020-11-23 18:32:13',1),(6631,'查询操作','进货单商品信息查询','2020-11-23 18:33:47',1),(6632,'查询操作','进货单商品信息查询','2020-11-23 18:33:47',1),(6633,'查询操作','进货单商品信息查询','2020-11-23 18:33:48',1),(6634,'查询操作','进货单商品信息查询','2020-11-23 18:33:49',1),(6635,'查询操作','退货单据查询','2020-11-23 18:36:49',1),(6636,'查询操作','退货单据查询','2020-11-23 18:36:49',1),(6637,'查询操作','退货单商品信息查询','2020-11-23 18:38:50',1),(6638,'查询操作','退货单商品信息查询','2020-11-23 18:39:47',1),(6639,'查询操作','分页查询商品信息','2020-11-23 18:40:13',1),(6640,'查询操作','分页查询商品信息','2020-11-23 18:40:13',1),(6641,'查询操作','查询商品类别信息','2020-11-23 18:42:42',1),(6642,'新增操作','新增销售单：XS1606128013238','2020-11-23 18:45:03',1),(6643,'查询操作','分页查询商品信息','2020-11-23 18:45:04',1),(6644,'查询操作','分页查询商品信息','2020-11-23 18:45:04',1),(6645,'查询操作','查询商品类别信息','2020-11-23 18:45:06',1),(6646,'查询操作','分页查询商品信息','2020-11-23 18:47:11',1),(6647,'查询操作','分页查询商品信息','2020-11-23 18:47:11',1),(6648,'查询操作','查询商品类别信息','2020-11-23 18:47:46',1),(6649,'新增操作','新增客户退货单：XT1606128431767','2020-11-23 18:50:27',1),(6650,'查询操作','分页查询商品信息','2020-11-23 18:50:28',1),(6651,'查询操作','分页查询商品信息','2020-11-23 18:50:28',1),(6652,'查询操作','销售单据查询','2020-11-23 18:51:05',1),(6653,'查询操作','销售单据查询','2020-11-23 18:51:05',1),(6654,'查询操作','销售单商品信息查询','2020-11-23 18:52:50',1),(6655,'查询操作','销售单商品信息查询','2020-11-23 18:54:10',1),(6656,'查询操作','销售单商品信息查询','2020-11-23 18:54:29',1),(6657,'查询操作','客户退货单据查询','2020-11-23 18:54:33',1),(6658,'查询操作','客户退货单据查询','2020-11-23 18:54:33',1),(6659,'查询操作','客户退货单商品信息查询','2020-11-23 18:54:35',1),(6660,'查询操作','客户退货单商品信息查询','2020-11-23 18:54:37',1),(6661,'查询操作','客户退货单商品信息查询','2020-11-23 18:54:38',1),(6662,'查询操作','客户退货单据查询','2020-11-23 18:57:01',1),(6663,'查询操作','客户退货单据查询','2020-11-23 18:57:01',1),(6664,'查询操作','客户退货单商品信息查询','2020-11-23 18:57:37',1),(6665,'查询操作','退货单据查询','2020-11-23 18:59:28',1),(6666,'查询操作','进货单据查询','2020-11-23 18:59:28',1),(6667,'登录操作','登录系统','2020-11-23 19:36:36',1),(6668,'查询操作','分页查询商品库存信息','2020-11-23 19:36:37',1),(6669,'查询操作','进货单据查询','2020-11-23 19:36:44',1),(6670,'查询操作','退货单据查询','2020-11-23 19:36:44',1),(6671,'查询操作','退货单商品信息查询','2020-11-23 19:39:41',1),(6672,'查询操作','进货单商品信息查询','2020-11-23 19:40:39',1),(6673,'查询操作','退货单商品信息查询','2020-11-23 19:40:40',1),(6674,'查询操作','客户退货单据查询','2020-11-23 19:42:29',1),(6675,'查询操作','销售单据查询','2020-11-23 19:42:29',1),(6676,'查询操作','销售单商品信息查询','2020-11-23 19:42:31',1),(6677,'查询操作','客户退货单据查询','2020-11-23 19:42:34',1),(6678,'查询操作','销售单据查询','2020-11-23 19:42:34',1),(6679,'查询操作','进货单据查询','2020-11-23 19:43:19',1),(6680,'查询操作','退货单据查询','2020-11-23 19:43:19',1),(6681,'查询操作','客户退货单商品信息查询','2020-11-23 19:43:50',1),(6682,'查询操作','销售单商品信息查询','2020-11-23 19:43:54',1),(6683,'查询操作','退货商品统计查询','2020-11-23 19:44:57',1),(6684,'查询操作','进货商品统计查询','2020-11-23 19:44:57',1),(6685,'查询操作','查询商品类别信息','2020-11-23 19:45:21',1),(6686,'查询操作','客户退货商品统计查询','2020-11-23 19:45:40',1),(6687,'查询操作','销售商品统计查询','2020-11-23 19:45:40',1),(6688,'查询操作','客户退货商品统计查询','2020-11-23 19:45:43',1),(6689,'查询操作','销售商品统计查询','2020-11-23 19:45:43',1),(6690,'查询操作','进货商品统计查询','2020-11-23 19:48:14',1),(6691,'查询操作','退货商品统计查询','2020-11-23 19:48:14',1),(6692,'查询操作','销售单据查询','2020-11-23 19:48:18',1),(6693,'查询操作','客户退货单据查询','2020-11-23 19:48:18',1),(6694,'查询操作','进货商品统计查询','2020-11-23 19:49:06',1),(6695,'查询操作','退货商品统计查询','2020-11-23 19:49:06',1),(6696,'查询操作','查询按日统计分析数据','2020-11-23 19:50:17',1),(6697,'查询操作','查询按月统计分析数据','2020-11-23 19:52:59',1),(6698,'登录操作','登录系统','2020-11-24 13:36:29',1),(6699,'查询操作','分页查询角色信息','2020-11-24 13:36:35',1),(6700,'查询操作','分页查询角色信息','2020-11-24 13:36:35',1),(6701,'查询操作','分页查询用户信息','2020-11-24 13:36:36',1),(6702,'查询操作','查询所有角色信息','2020-11-24 13:36:36',1),(6703,'查询操作','分页查询用户信息','2020-11-24 13:36:36',1),(6704,'登录操作','登录系统','2020-11-24 14:13:50',1),(6705,'查询操作','分页查询供应商','2020-11-24 14:13:55',1),(6706,'查询操作','分页查询供应商','2020-11-24 14:13:55',1),(6707,'查询操作','分页查询客户','2020-11-24 14:13:56',1),(6708,'查询操作','分页查询客户','2020-11-24 14:13:56',1),(6709,'查询操作','分页查询商品信息','2020-11-24 14:13:57',1),(6710,'查询操作','查询商品类别信息','2020-11-24 14:13:57',1),(6711,'查询操作','分页查询商品信息（无库存）','2020-11-24 14:13:59',1),(6712,'查询操作','分页查询商品信息（有库存）','2020-11-24 14:13:59',1),(6713,'查询操作','分页查询商品信息','2020-11-24 14:14:04',1),(6714,'查询操作','分页查询商品信息','2020-11-24 14:14:04',1),(6715,'查询操作','查询商品类别信息','2020-11-24 14:14:05',1),(6716,'查询操作','分页查询商品信息','2020-11-24 14:14:09',1),(6717,'查询操作','分页查询商品信息','2020-11-24 14:14:09',1),(6718,'查询操作','查询商品类别信息','2020-11-24 14:14:10',1),(6719,'查询操作','查询库存报警商品信息','2020-11-24 14:14:13',1),(6720,'查询操作','商品报损单据查询','2020-11-24 14:14:17',1),(6721,'查询操作','分页查询商品信息','2020-11-24 14:14:23',1),(6722,'查询操作','分页查询商品信息','2020-11-24 14:14:23',1),(6723,'查询操作','分页查询商品信息','2020-11-24 14:14:27',1),(6724,'查询操作','分页查询商品信息','2020-11-24 14:14:27',1),(6725,'查询操作','分页查询商品信息','2020-11-24 14:14:37',1),(6726,'查询操作','分页查询商品信息','2020-11-24 14:14:37',1),(6727,'查询操作','分页查询商品信息','2020-11-24 14:14:40',1),(6728,'查询操作','分页查询商品信息','2020-11-24 14:14:40',1),(6729,'查询操作','查询商品类别信息','2020-11-24 14:14:42',1);

/*Table structure for table `t_menu` */

DROP TABLE IF EXISTS `t_menu`;

CREATE TABLE `t_menu` (
  `menu_id` int(11) NOT NULL AUTO_INCREMENT COMMENT '菜单id',
  `menu_icon` varchar(100) DEFAULT NULL COMMENT '菜单图片',
  `menu_name` varchar(50) DEFAULT NULL COMMENT '菜单名称',
  `p_id` int(11) DEFAULT NULL COMMENT '父菜单id',
  `menu_state` int(11) DEFAULT NULL COMMENT '菜单状态，1表示目录，0表示结点',
  `menu_url` varchar(200) DEFAULT NULL COMMENT '菜单的链接地址',
  PRIMARY KEY (`menu_id`) USING BTREE
) ENGINE=InnoDB AUTO_INCREMENT=6051 DEFAULT CHARSET=utf8 ROW_FORMAT=DYNAMIC;

/*Data for the table `t_menu` */

insert  into `t_menu`(`menu_id`,`menu_icon`,`menu_name`,`p_id`,`menu_state`,`menu_url`) values (1,'menu-plugin','系统菜单',-1,1,NULL),(10,'menu-1','进货管理',1,1,NULL),(20,'menu-2','销售管理',1,1,NULL),(30,'menu-3','库存管理',1,1,NULL),(40,'menu-4','统计报表',1,1,NULL),(50,'menu-5','基础资料',1,1,NULL),(60,'menu-6','系统管理',1,1,NULL),(1010,'menu-11','进货入库',10,0,'/purchase/purchase.html'),(1020,'menu-12','退货出库',10,0,'/purchase/return.html'),(1030,'menu-13','进货单据查询',10,0,'/purchase/purchaseSearch.html'),(1040,'menu-14','退货单据查询',10,0,'/purchase/returnSearch.html'),(1050,'menu-15','当前库存查询',10,0,'/common/stockSearch.html'),(2010,'menu-21','销售出库',20,0,'/sale/saleout.html'),(2020,'menu-22','客户退货',20,0,'/sale/salereturn.html'),(2030,'menu-23','销售单据查询',20,0,'/sale/saleSearch.html'),(2040,'menu-24','客户退货查询',20,0,'/sale/returnSearch.html'),(2050,'menu-25','当前库存查询',20,0,'/common/stockSearch.html'),(3010,'menu-31','商品报损',30,0,'/stock/damage.html'),(3020,'menu-32','商品报溢',30,0,'/stock/overflow.html'),(3030,'menu-33','库存报警',30,0,'/stock/alarm.html'),(3040,'menu-34','报损报溢查询',30,0,'/stock/damageOverflowSearch.html'),(3050,'menu-35','当前库存查询',30,0,'/common/stockSearch.html'),(4010,'menu-41','供应商统计',40,0,'/count/supplier.html'),(4020,'menu-42','客户统计',40,0,'/count/customer.html'),(4030,'menu-43','商品采购统计',40,0,'/count/purchase.html'),(4040,'menu-44','商品销售统计',40,0,'/count/sale.html'),(4050,'menu-45','按日统计分析',40,0,'/count/saleDay.html'),(4060,'menu-46','按月统计分析',40,0,'/count/saleMonth.html'),(5010,'menu-51','供应商管理',50,0,'/basicData/supplier.html'),(5020,'menu-52','客户管理',50,0,'/basicData/customer.html'),(5030,'menu-53','商品管理',50,0,'/basicData/goods.html'),(5040,'menu-54','期初库存',50,0,'/basicData/stock.html'),(6010,'menu-61','角色管理',60,0,'/power/role.html'),(6020,'menu-62','用户管理',60,0,'/power/user.html'),(6030,'menu-65','系统日志',60,0,'/power/log.html'),(6040,'menu-63','修改密码',60,0,NULL),(6050,'menu-64','安全退出',60,0,NULL);

/*Table structure for table `t_overflow_list` */

DROP TABLE IF EXISTS `t_overflow_list`;

CREATE TABLE `t_overflow_list` (
  `overflow_list_id` int(11) NOT NULL AUTO_INCREMENT COMMENT '商品报溢单id，主键',
  `overflow_number` varchar(100) DEFAULT NULL COMMENT '商品报溢单号',
  `overflow_date` varchar(20) DEFAULT NULL COMMENT '报溢日期',
  `remarks` varchar(1000) DEFAULT NULL COMMENT '备注',
  `user_id` int(11) DEFAULT NULL COMMENT '用户id，外键',
  PRIMARY KEY (`overflow_list_id`) USING BTREE,
  KEY `FK3bu8hj2xniqwbrtg6ls6b8ej2` (`user_id`) USING BTREE,
  CONSTRAINT `t_overflow_list_ibfk_1` FOREIGN KEY (`user_id`) REFERENCES `t_user` (`user_id`)
) ENGINE=InnoDB AUTO_INCREMENT=5 DEFAULT CHARSET=utf8 ROW_FORMAT=DYNAMIC;

/*Data for the table `t_overflow_list` */

insert  into `t_overflow_list`(`overflow_list_id`,`overflow_number`,`overflow_date`,`remarks`,`user_id`) values (1,'BY1550565907039','2019-02-19','',1),(2,'BY1565491207302','2019-08-11','aaaaa',1),(3,'BY1605766414384','2020-11-19','多了',1),(4,'BY1605767033015','2020-11-19','多了',1);

/*Table structure for table `t_overflow_list_goods` */

DROP TABLE IF EXISTS `t_overflow_list_goods`;

CREATE TABLE `t_overflow_list_goods` (
  `overflow_list_goods_id` int(11) NOT NULL AUTO_INCREMENT COMMENT '商品报溢单商品列表id，主键',
  `goods_id` int(11) DEFAULT NULL COMMENT '商品编号id，外键',
  `goods_code` varchar(50) DEFAULT NULL COMMENT '商品编码',
  `goods_name` varchar(50) DEFAULT NULL COMMENT '商品名称',
  `goods_model` varchar(50) DEFAULT NULL COMMENT '商品型号',
  `goods_unit` varchar(10) DEFAULT NULL COMMENT '商品单位',
  `goods_num` int(11) DEFAULT NULL COMMENT '报溢数量',
  `price` float NOT NULL COMMENT '商品单价',
  `total` float NOT NULL COMMENT '总金额',
  `overflow_list_id` int(11) DEFAULT NULL COMMENT '商品报溢单id，外键',
  `goods_type_id` int(11) DEFAULT NULL COMMENT '商品类别id，外键',
  PRIMARY KEY (`overflow_list_goods_id`) USING BTREE,
  KEY `FKd3s9761mgl456tn2xb0d164h7` (`overflow_list_id`) USING BTREE,
  KEY `FK20rudkne4kc8uftcenkrng1mn` (`goods_type_id`) USING BTREE,
  KEY `goods_id` (`goods_id`) USING BTREE,
  CONSTRAINT `t_overflow_list_goods_ibfk_1` FOREIGN KEY (`goods_id`) REFERENCES `t_goods` (`goods_id`),
  CONSTRAINT `t_overflow_list_goods_ibfk_2` FOREIGN KEY (`overflow_list_id`) REFERENCES `t_overflow_list` (`overflow_list_id`),
  CONSTRAINT `t_overflow_list_goods_ibfk_3` FOREIGN KEY (`goods_type_id`) REFERENCES `t_goods_type` (`goods_type_id`)
) ENGINE=InnoDB AUTO_INCREMENT=5 DEFAULT CHARSET=utf8 ROW_FORMAT=DYNAMIC;

/*Data for the table `t_overflow_list_goods` */

insert  into `t_overflow_list_goods`(`overflow_list_goods_id`,`goods_id`,`goods_code`,`goods_name`,`goods_model`,`goods_unit`,`goods_num`,`price`,`total`,`overflow_list_id`,`goods_type_id`) values (1,1,'0001','陶华碧老干妈香辣脆油辣椒','红色装','瓶',5,8.5,42.5,1,10),(2,37,'0027','aaa','aaa','户',10,20,200,2,17),(3,11,'0003','野生东北黑木耳','500g装','袋',2,23,46,3,11),(4,15,'0007','吉利人家牛肉味蛋糕','500g装','袋',630,4.5,2835,4,11);

/*Table structure for table `t_purchase_list` */

DROP TABLE IF EXISTS `t_purchase_list`;

CREATE TABLE `t_purchase_list` (
  `purchase_list_id` int(11) NOT NULL AUTO_INCREMENT COMMENT '进货单id，主键',
  `purchase_number` varchar(100) DEFAULT NULL COMMENT '进货单号',
  `amount_paid` float NOT NULL COMMENT '实付金额',
  `amount_payable` float NOT NULL COMMENT '应付金额',
  `purchase_date` varchar(20) DEFAULT NULL COMMENT '收货日期',
  `remarks` varchar(1000) DEFAULT NULL COMMENT '备注',
  `state` int(11) DEFAULT NULL COMMENT '状态',
  `supplier_id` int(11) DEFAULT NULL COMMENT '供应商id，外键',
  `user_id` int(11) DEFAULT NULL COMMENT '用户id，外键',
  PRIMARY KEY (`purchase_list_id`) USING BTREE,
  KEY `supplier_id` (`supplier_id`) USING BTREE,
  KEY `user_id` (`user_id`) USING BTREE,
  CONSTRAINT `t_purchase_list_ibfk_1` FOREIGN KEY (`supplier_id`) REFERENCES `t_supplier` (`supplier_id`),
  CONSTRAINT `t_purchase_list_ibfk_2` FOREIGN KEY (`user_id`) REFERENCES `t_user` (`user_id`)
) ENGINE=InnoDB AUTO_INCREMENT=136 DEFAULT CHARSET=utf8 ROW_FORMAT=DYNAMIC;

/*Data for the table `t_purchase_list` */

insert  into `t_purchase_list`(`purchase_list_id`,`purchase_number`,`amount_paid`,`amount_payable`,`purchase_date`,`remarks`,`state`,`supplier_id`,`user_id`) values (124,'JH1550048597876',86,86,'2019-02-13','',1,1,1),(130,'JH1564882213808',910,911,'2019-08-04','aaaaa',1,1,1),(133,'JH1605773419636',25,25,'2020-11-19','',1,1,1),(134,'JH1605773434553',250,250,'2020-11-19','',1,7,1),(135,'JH1605773589084',60,60,'2020-11-19','',1,7,1);

/*Table structure for table `t_purchase_list_goods` */

DROP TABLE IF EXISTS `t_purchase_list_goods`;

CREATE TABLE `t_purchase_list_goods` (
  `purchase_list_goods_id` int(11) NOT NULL AUTO_INCREMENT COMMENT '进货单商品列表id，主键',
  `goods_id` int(11) DEFAULT NULL COMMENT '商品编号id，外键',
  `goods_code` varchar(50) DEFAULT NULL COMMENT '商品编码',
  `goods_name` varchar(50) DEFAULT NULL COMMENT '商品名称',
  `goods_model` varchar(50) DEFAULT NULL COMMENT '商品型号',
  `goods_unit` varchar(10) DEFAULT NULL COMMENT '商品单位',
  `goods_num` int(11) NOT NULL COMMENT '进货数量',
  `price` float NOT NULL COMMENT '商品单价',
  `total` float NOT NULL COMMENT '总金额',
  `purchase_list_id` int(11) DEFAULT NULL COMMENT '进货单id，外键',
  `goods_type_id` int(11) DEFAULT NULL COMMENT '商品类别id，外键',
  PRIMARY KEY (`purchase_list_goods_id`) USING BTREE,
  KEY `goods_id` (`goods_id`) USING BTREE,
  KEY `purchase_list_id` (`purchase_list_id`) USING BTREE,
  KEY `goods_type_id` (`goods_type_id`) USING BTREE,
  CONSTRAINT `t_purchase_list_goods_ibfk_1` FOREIGN KEY (`goods_id`) REFERENCES `t_goods` (`goods_id`),
  CONSTRAINT `t_purchase_list_goods_ibfk_2` FOREIGN KEY (`purchase_list_id`) REFERENCES `t_purchase_list` (`purchase_list_id`),
  CONSTRAINT `t_purchase_list_goods_ibfk_3` FOREIGN KEY (`goods_type_id`) REFERENCES `t_goods_type` (`goods_type_id`)
) ENGINE=InnoDB AUTO_INCREMENT=137 DEFAULT CHARSET=utf8 ROW_FORMAT=DYNAMIC;

/*Data for the table `t_purchase_list_goods` */

insert  into `t_purchase_list_goods`(`purchase_list_goods_id`,`goods_id`,`goods_code`,`goods_name`,`goods_model`,`goods_unit`,`goods_num`,`price`,`total`,`purchase_list_id`,`goods_type_id`) values (126,17,'0009','休闲零食坚果特产精品干果无漂白大个开心果','240g装','袋',4,20,80,124,11),(127,16,'0008','奕森奶油桃肉蜜饯果脯果干桃肉干休闲零食品','128g装','盒',2,3,6,124,11),(130,37,'0027','aaa','aaa','户',10,21.1,211,130,17),(131,28,'0019','Golden Field/金河田 Q8电脑音响台式多媒体家用音箱低音炮重低音','Q8','台',10,70,700,130,17),(134,14,'0006','冰糖金桔干','300g装','盒',5,5,25,133,11),(135,22,'0014','美国青豆原味 蒜香','250g装','袋',50,5,250,134,11),(136,18,'0010','劲仔小鱼干','250g装','袋',5,12,60,135,11);

/*Table structure for table `t_return_list` */

DROP TABLE IF EXISTS `t_return_list`;

CREATE TABLE `t_return_list` (
  `return_list_id` int(11) NOT NULL AUTO_INCREMENT COMMENT '退货单id，主键',
  `return_number` varchar(100) DEFAULT NULL COMMENT '退货单号',
  `return_date` varchar(20) DEFAULT NULL COMMENT '退货日期',
  `amount_paid` float NOT NULL COMMENT '实退金额',
  `amount_payable` float NOT NULL COMMENT '应退金额',
  `remarks` varchar(1000) DEFAULT NULL COMMENT '备注',
  `state` int(11) DEFAULT NULL COMMENT '状态,1表示已退，2表示未退',
  `supplier_id` int(11) DEFAULT NULL COMMENT '供应商id，外键',
  `user_id` int(11) DEFAULT NULL COMMENT '用户id，外键',
  PRIMARY KEY (`return_list_id`) USING BTREE,
  KEY `FK4qxjj8bvj2etne243xluni0vn` (`supplier_id`) USING BTREE,
  KEY `FK904juw2v1hm2av0ig26gae9jb` (`user_id`) USING BTREE,
  CONSTRAINT `t_return_list_ibfk_1` FOREIGN KEY (`supplier_id`) REFERENCES `t_supplier` (`supplier_id`),
  CONSTRAINT `t_return_list_ibfk_2` FOREIGN KEY (`user_id`) REFERENCES `t_user` (`user_id`)
) ENGINE=InnoDB AUTO_INCREMENT=5 DEFAULT CHARSET=utf8 ROW_FORMAT=DYNAMIC;

/*Data for the table `t_return_list` */

insert  into `t_return_list`(`return_list_id`,`return_number`,`return_date`,`amount_paid`,`amount_payable`,`remarks`,`state`,`supplier_id`,`user_id`) values (1,'TH1549940820089','2019-02-12',42.5,42.5,'',2,1,1),(4,'TH1605773470614','2020-11-19',294,294,'',1,6,1);

/*Table structure for table `t_return_list_goods` */

DROP TABLE IF EXISTS `t_return_list_goods`;

CREATE TABLE `t_return_list_goods` (
  `return_list_goods_id` int(11) NOT NULL AUTO_INCREMENT COMMENT '退货单商品列表id，主键',
  `goods_id` int(11) DEFAULT NULL COMMENT '商品编号id，外键',
  `goods_code` varchar(50) DEFAULT NULL COMMENT '商品编码',
  `goods_name` varchar(50) DEFAULT NULL COMMENT '商品名称',
  `goods_model` varchar(50) DEFAULT NULL COMMENT '商品型号',
  `goods_unit` varchar(10) DEFAULT NULL COMMENT '商品单位',
  `goods_num` int(11) DEFAULT NULL COMMENT '商品数量',
  `price` float NOT NULL COMMENT '商品单价',
  `total` float NOT NULL COMMENT '总金额',
  `return_list_id` int(11) DEFAULT NULL COMMENT '退货单id，外键',
  `goods_type_id` int(11) DEFAULT NULL COMMENT '商品类别id，外键',
  PRIMARY KEY (`return_list_goods_id`) USING BTREE,
  KEY `FKemclu281vyvyk063c3foafq1w` (`return_list_id`) USING BTREE,
  KEY `FKpxnqi9jfkw6wdm1uox2kkr0wk` (`goods_type_id`) USING BTREE,
  KEY `goods_id` (`goods_id`) USING BTREE,
  CONSTRAINT `t_return_list_goods_ibfk_1` FOREIGN KEY (`return_list_id`) REFERENCES `t_return_list` (`return_list_id`),
  CONSTRAINT `t_return_list_goods_ibfk_3` FOREIGN KEY (`goods_id`) REFERENCES `t_goods` (`goods_id`),
  CONSTRAINT `t_return_list_goods_ibfk_4` FOREIGN KEY (`goods_type_id`) REFERENCES `t_goods_type` (`goods_type_id`)
) ENGINE=InnoDB AUTO_INCREMENT=6 DEFAULT CHARSET=utf8 ROW_FORMAT=DYNAMIC;

/*Data for the table `t_return_list_goods` */

insert  into `t_return_list_goods`(`return_list_goods_id`,`goods_id`,`goods_code`,`goods_name`,`goods_model`,`goods_unit`,`goods_num`,`price`,`total`,`return_list_id`,`goods_type_id`) values (1,1,'0001','陶华碧老干妈香辣脆油辣椒','红色装','瓶',5,8.5,42.5,1,10),(4,11,'0003','野生东北黑木耳','500g装','袋',3,23,69,4,11),(5,15,'0007','吉利人家牛肉味蛋糕','500g装','袋',50,4.5,225,4,11);

/*Table structure for table `t_role` */

DROP TABLE IF EXISTS `t_role`;

CREATE TABLE `t_role` (
  `role_id` int(11) NOT NULL AUTO_INCREMENT COMMENT '角色id，主键',
  `role_name` varchar(50) DEFAULT NULL COMMENT '角色名称',
  `remarks` varchar(1000) DEFAULT NULL COMMENT '备注',
  PRIMARY KEY (`role_id`) USING BTREE
) ENGINE=InnoDB AUTO_INCREMENT=10 DEFAULT CHARSET=utf8 ROW_FORMAT=DYNAMIC;

/*Data for the table `t_role` */

insert  into `t_role`(`role_id`,`role_name`,`remarks`) values (1,'系统管理员','管理员'),(2,'主管','主管'),(4,'采购员','采购员'),(5,'销售经理','销售经理'),(7,'仓库管理员','仓库管理员'),(8,'测试员','测试员'),(9,'方法','啊啊');

/*Table structure for table `t_role_menu` */

DROP TABLE IF EXISTS `t_role_menu`;

CREATE TABLE `t_role_menu` (
  `role_menu_id` int(11) NOT NULL AUTO_INCREMENT COMMENT '角色-菜单id',
  `menu_id` int(11) DEFAULT NULL COMMENT '菜单id',
  `role_id` int(11) DEFAULT NULL COMMENT '角色id',
  PRIMARY KEY (`role_menu_id`) USING BTREE,
  KEY `FKhayg4ib6v7h1wyeyxhq6xlddq` (`menu_id`) USING BTREE,
  KEY `FKsonb0rbt2u99hbrqqvv3r0wse` (`role_id`) USING BTREE,
  CONSTRAINT `t_role_menu_ibfk_1` FOREIGN KEY (`menu_id`) REFERENCES `t_menu` (`menu_id`),
  CONSTRAINT `t_role_menu_ibfk_2` FOREIGN KEY (`role_id`) REFERENCES `t_role` (`role_id`)
) ENGINE=InnoDB AUTO_INCREMENT=128 DEFAULT CHARSET=utf8 ROW_FORMAT=DYNAMIC;

/*Data for the table `t_role_menu` */

insert  into `t_role_menu`(`role_menu_id`,`menu_id`,`role_id`) values (2,1,1),(3,10,1),(4,20,1),(5,30,1),(6,40,1),(7,50,1),(8,60,1),(9,1010,1),(10,1020,1),(11,1030,1),(12,1040,1),(13,1050,1),(14,2010,1),(15,2020,1),(16,2030,1),(17,2040,1),(18,2050,1),(19,3010,1),(20,3020,1),(21,3030,1),(22,3040,1),(23,3050,1),(24,4010,1),(25,4020,1),(26,4030,1),(27,4040,1),(28,4050,1),(29,4060,1),(30,5010,1),(31,5020,1),(32,5030,1),(33,5040,1),(34,6010,1),(35,6020,1),(43,6030,1),(44,6040,1),(45,1,4),(46,20,4),(47,2010,4),(48,1,5),(49,30,5),(50,3010,5),(51,1,NULL),(52,10,NULL),(53,1010,NULL),(54,1020,NULL),(55,1030,NULL),(56,1040,NULL),(57,1050,NULL),(58,20,NULL),(59,2010,NULL),(60,2020,NULL),(61,2030,NULL),(62,2040,NULL),(63,2050,NULL),(64,6050,1),(65,1,7),(66,10,7),(67,1010,7),(68,1020,7),(69,1030,7),(70,1040,7),(71,1050,7),(72,20,7),(73,2010,7),(74,2020,7),(75,2030,7),(76,40,7),(77,4010,7),(78,4020,7),(79,1,NULL),(80,10,NULL),(81,1010,NULL),(82,1020,NULL),(83,1030,NULL),(84,1040,NULL),(85,1050,NULL),(99,1,8),(100,50,8),(101,5010,8),(102,5020,8),(103,5030,8),(104,5040,8),(117,1,2),(118,10,2),(119,1010,2),(120,1020,2),(121,1030,2),(122,1040,2),(123,1050,2),(124,60,2),(125,6030,2),(126,6040,2),(127,6050,2);

/*Table structure for table `t_sale_list` */

DROP TABLE IF EXISTS `t_sale_list`;

CREATE TABLE `t_sale_list` (
  `sale_list_id` int(11) NOT NULL AUTO_INCREMENT COMMENT '销售单id，主键',
  `sale_number` varchar(100) DEFAULT NULL COMMENT '销售单号',
  `amount_paid` float NOT NULL COMMENT '实付金额',
  `amount_payable` float NOT NULL COMMENT '应付金额',
  `sale_date` varchar(20) DEFAULT NULL COMMENT '销售单创建日期',
  `state` int(11) DEFAULT NULL COMMENT '状态',
  `remarks` varchar(1000) DEFAULT NULL COMMENT '备注',
  `customer_id` int(11) DEFAULT NULL COMMENT '客户id，外键',
  `user_id` int(11) DEFAULT NULL COMMENT '用户id，外键',
  PRIMARY KEY (`sale_list_id`) USING BTREE,
  KEY `FKox4qfs87eu3fvwdmrvelqhi8e` (`customer_id`) USING BTREE,
  KEY `FK34bnujemrdqimbhg133enp8k8` (`user_id`) USING BTREE,
  CONSTRAINT `t_sale_list_ibfk_1` FOREIGN KEY (`user_id`) REFERENCES `t_user` (`user_id`),
  CONSTRAINT `t_sale_list_ibfk_2` FOREIGN KEY (`customer_id`) REFERENCES `t_customer` (`customer_id`)
) ENGINE=InnoDB AUTO_INCREMENT=13 DEFAULT CHARSET=utf8 ROW_FORMAT=DYNAMIC;

/*Data for the table `t_sale_list` */

insert  into `t_sale_list`(`sale_list_id`,`sale_number`,`amount_paid`,`amount_payable`,`sale_date`,`state`,`remarks`,`customer_id`,`user_id`) values (1,'XS1550133166343',127.5,127.5,'2019-02-14',1,'',1,1),(3,'XS1551175088245',3040,3040,'2019-02-26',1,'',1,1),(4,'XS1551232158294',450,450,'2019-02-27',1,'',3,1),(7,'XS1605773500926',1900,1900,'2020-11-19',1,'',1,1),(8,'XS1605773512212',2280,2280,'2020-11-19',1,'',3,1),(9,'XS1605773748813',85,85,'2020-11-19',1,'',4,1),(10,'XS1605773760294',11000,11000,'2020-11-19',1,'',3,1),(11,'XS1605773772103',1900,1900,'2020-11-19',2,'',1,1),(12,'XS1606128013238',190,190,'2020-11-23',2,'',1,1);

/*Table structure for table `t_sale_list_goods` */

DROP TABLE IF EXISTS `t_sale_list_goods`;

CREATE TABLE `t_sale_list_goods` (
  `sale_list_goods_id` int(11) NOT NULL AUTO_INCREMENT COMMENT '销售单商品列表id，主键',
  `goods_id` int(11) DEFAULT NULL COMMENT '商品编号id，外键',
  `goods_code` varchar(50) DEFAULT NULL COMMENT '商品编码',
  `goods_name` varchar(50) DEFAULT NULL COMMENT '商品名称',
  `goods_model` varchar(50) DEFAULT NULL COMMENT '商品型号',
  `goods_num` int(11) DEFAULT NULL COMMENT '销售数量',
  `goods_unit` varchar(10) DEFAULT NULL COMMENT '商品单位',
  `price` float NOT NULL COMMENT '商品单价',
  `total` float NOT NULL COMMENT '总金额',
  `sale_list_id` int(11) DEFAULT NULL COMMENT '销售单id，外键',
  `goods_type_id` int(11) DEFAULT NULL COMMENT '商品类别id，外键',
  PRIMARY KEY (`sale_list_goods_id`) USING BTREE,
  KEY `FK20ehd6ta9geyql4hxtdsnhbox` (`sale_list_id`) USING BTREE,
  KEY `FK39ej927qf0ldkykafj2nhyu3u` (`goods_type_id`) USING BTREE,
  KEY `goods_id` (`goods_id`) USING BTREE,
  CONSTRAINT `t_sale_list_goods_ibfk_1` FOREIGN KEY (`goods_id`) REFERENCES `t_goods` (`goods_id`),
  CONSTRAINT `t_sale_list_goods_ibfk_2` FOREIGN KEY (`sale_list_id`) REFERENCES `t_sale_list` (`sale_list_id`),
  CONSTRAINT `t_sale_list_goods_ibfk_3` FOREIGN KEY (`goods_type_id`) REFERENCES `t_goods_type` (`goods_type_id`)
) ENGINE=InnoDB AUTO_INCREMENT=14 DEFAULT CHARSET=utf8 ROW_FORMAT=DYNAMIC;

/*Data for the table `t_sale_list_goods` */

insert  into `t_sale_list_goods`(`sale_list_goods_id`,`goods_id`,`goods_code`,`goods_name`,`goods_model`,`goods_num`,`goods_unit`,`price`,`total`,`sale_list_id`,`goods_type_id`) values (1,1,'0001','陶华碧老干妈香辣脆油辣椒','红色装',15,'瓶',8.5,127.5,1,10),(3,11,'0003','野生东北黑木耳','500g装',80,'袋',38,3040,3,11),(4,15,'0007','吉利人家牛肉味蛋糕','500g装',20,'袋',10,200,4,11),(5,12,'0004','新疆红枣','2斤装',10,'袋',25,250,4,10),(8,11,'0003','野生东北黑木耳','500g装',50,'袋',38,1900,7,11),(9,11,'0003','野生东北黑木耳','500g装',60,'袋',38,2280,8,11),(10,1,'0001','陶华碧老干妈香辣脆油辣椒','红色装',10,'瓶',8.5,85,9,10),(11,2,'0002','华为荣耀Note8','Note8',5,'台',2200,11000,10,16),(12,11,'0003','野生东北黑木耳','500g装',50,'袋',38,1900,11,11),(13,11,'0003','野生东北黑木耳','500g装',5,'袋',38,190,12,11);

/*Table structure for table `t_supplier` */

DROP TABLE IF EXISTS `t_supplier`;

CREATE TABLE `t_supplier` (
  `supplier_id` int(11) NOT NULL AUTO_INCREMENT COMMENT '供应商id，主键',
  `supplier_name` varchar(100) DEFAULT NULL COMMENT '供应商名称',
  `contacts` varchar(50) DEFAULT NULL COMMENT '联系人',
  `phone_number` varchar(50) DEFAULT NULL COMMENT '联系人电话',
  `address` varchar(200) DEFAULT NULL COMMENT '供应商地址',
  `remarks` varchar(500) DEFAULT NULL COMMENT '备注',
  PRIMARY KEY (`supplier_id`) USING BTREE
) ENGINE=InnoDB AUTO_INCREMENT=13 DEFAULT CHARSET=utf8 ROW_FORMAT=DYNAMIC;

/*Data for the table `t_supplier` */

insert  into `t_supplier`(`supplier_id`,`supplier_name`,`contacts`,`phone_number`,`address`,`remarks`) values (1,'四川耀荣汇商贸有限公司','张小五','13558873068','中国四川成都金牛区金泉街道淳风路133号3层附340号','四川耀荣汇商贸有限公司 经销批发的大枣、山楂、枣夹核、枸杞、农副产品畅销消费者市场'),(4,'四川省郫县豆瓣股份有限公司','李四','13888888888','中国四川成都郫都区中国川菜产业园区永安路333号','四川省郫县豆瓣股份有限公司，主营“鹃城牌”郫县豆瓣'),(6,'四川岳老大食品有限责任公司 ','岳小平','13981670066','中国四川巴中巴州区宕梁办事处插旗山村九社','四川岳老大食品有限责任公司是一家专业从事宾馆、酒店和休闲食品研发、生产销售为一体的现代化民营企业'),(7,'四川天味食品集团股份有限公司','侯定述','028-82808141','中国四川成都双流区西航港街道腾飞一路333号','中国调味品协会理事单位、农业产业化国家重点龙头企业'),(8,'四川老廖家风味食品有限公司','廖天发','18808276999','中国四川巴中经开区巴州工业园产业大道18号','公司是集科研、生产、销售为一体的肉类食品加工民营企业'),(9,'山东九日进出口有限公司','张相志','0631-5782006','中国山东威海环翠区张村镇钱江街-16-7号','公司所有产品均是通过正规通关渠道进口，海关、商检相关手续齐全'),(10,'深圳市朱雀君电子商务有限公司','陈松鑫','0755-28500676','中国广东深圳罗湖区南湖街道东门南路2006号宝丰大厦','深圳市朱雀君有限公司是一家专业进出口企业，专注于进口食品流通供应链业务，经营全球进口食品'),(11,'绍兴市博创商贸有限公司','徐晓坚','0575-88136229','中国浙江绍兴城南工贸园区3幢一层','绍兴市博创商贸有限公司是明治,丽芝士,皇冠,宏亚,AJI,张君雅,EGO,等国内外大品牌区域总代,同时还销售各类进口食品,所售食品为原装进口'),(12,'临安高朋食品有限公司','王仲芳','0571-61132098','中国浙江杭州临安市玲珑街道上蟠龙桥2号','依托上海市场，聚焦在坚果炒货、炭烤海鲜、果脯蜜饯、果干脆片、特色糖果等五大核心领域');

/*Table structure for table `t_unit` */

DROP TABLE IF EXISTS `t_unit`;

CREATE TABLE `t_unit` (
  `unit_id` int(11) NOT NULL AUTO_INCREMENT COMMENT '商品单位id，主键',
  `unit_name` varchar(10) DEFAULT NULL COMMENT '商品单位名称',
  PRIMARY KEY (`unit_id`) USING BTREE
) ENGINE=InnoDB AUTO_INCREMENT=16 DEFAULT CHARSET=utf8 ROW_FORMAT=DYNAMIC;

/*Data for the table `t_unit` */

insert  into `t_unit`(`unit_id`,`unit_name`) values (1,'元'),(6,'户'),(7,'斤'),(8,'台'),(9,'瓶'),(10,'袋'),(11,'盒'),(12,'条'),(13,'吨'),(14,'个'),(15,'件');

/*Table structure for table `t_user` */

DROP TABLE IF EXISTS `t_user`;

CREATE TABLE `t_user` (
  `user_id` int(11) NOT NULL AUTO_INCREMENT COMMENT '用户id，主键',
  `user_name` varchar(50) DEFAULT NULL COMMENT '用户名',
  `password` varchar(50) DEFAULT NULL COMMENT '密码',
  `true_name` varchar(50) DEFAULT NULL COMMENT '真实姓名',
  `roles` varchar(255) DEFAULT NULL COMMENT '角色',
  `remarks` varchar(1000) DEFAULT NULL COMMENT '备注',
  PRIMARY KEY (`user_id`) USING BTREE
) ENGINE=InnoDB AUTO_INCREMENT=11 DEFAULT CHARSET=utf8 ROW_FORMAT=DYNAMIC;

/*Data for the table `t_user` */

insert  into `t_user`(`user_id`,`user_name`,`password`,`true_name`,`roles`,`remarks`) values (1,'admin','admin123','兰杰',NULL,'管理员'),(3,'marry','123456','玛丽','仓库管理员,销售经理,采购员,主管','销售经理'),(10,'gucaini','123456','古采尼','采购员,主管,销售经理','古大师');

/*Table structure for table `t_user_role` */

DROP TABLE IF EXISTS `t_user_role`;

CREATE TABLE `t_user_role` (
  `user_role_id` int(11) NOT NULL AUTO_INCREMENT,
  `role_id` int(11) DEFAULT NULL,
  `user_id` int(11) DEFAULT NULL,
  PRIMARY KEY (`user_role_id`) USING BTREE,
  KEY `role_id` (`role_id`) USING BTREE,
  KEY `user_id` (`user_id`) USING BTREE,
  CONSTRAINT `t_user_role_ibfk_1` FOREIGN KEY (`role_id`) REFERENCES `t_role` (`role_id`),
  CONSTRAINT `t_user_role_ibfk_2` FOREIGN KEY (`user_id`) REFERENCES `t_user` (`user_id`)
) ENGINE=InnoDB AUTO_INCREMENT=38 DEFAULT CHARSET=utf8 ROW_FORMAT=DYNAMIC;

/*Data for the table `t_user_role` */

insert  into `t_user_role`(`user_role_id`,`role_id`,`user_id`) values (1,1,1),(29,2,3),(30,4,3),(31,5,3),(32,7,3),(35,2,10),(36,4,10),(37,5,10);

/*!40101 SET SQL_MODE=@OLD_SQL_MODE */;
/*!40014 SET FOREIGN_KEY_CHECKS=@OLD_FOREIGN_KEY_CHECKS */;
/*!40014 SET UNIQUE_CHECKS=@OLD_UNIQUE_CHECKS */;
/*!40111 SET SQL_NOTES=@OLD_SQL_NOTES */;
